source,target,weight
A_1,A_2,1
A_1,A_3,1
A_1,A_65,1
A_1,A_66,1
A_1,A_166,1
A_1,A_167,1
A_1,A_224,1
A_1,A_253,1
A_1,A_302,1
A_1,A_303,1
A_1,A_304,1
A_1,A_305,1
A_1,A_306,1
A_1,A_307,1
A_1,A_344,1
A_1,A_345,1
A_1,A_346,1
A_1,A_347,1
A_1,A_391,1
A_1,A_418,1
A_1,A_436,1
A_1,A_618,1
A_1,A_619,1
A_1,A_661,1
A_1,A_662,1
A_1,A_663,1
A_1,A_664,1
A_1,A_710,1
A_1,A_711,1
A_1,A_712,1
A_1,A_713,1
A_1,A_714,1
A_1,A_715,1
A_1,A_717,1
A_2,A_3,1
A_2,A_65,1
A_2,A_66,1
A_2,A_166,1
A_2,A_167,1
A_2,A_224,1
A_2,A_253,1
A_2,A_302,1
A_2,A_303,1
A_2,A_304,1
A_2,A_305,1
A_2,A_306,1
A_2,A_307,1
A_2,A_344,1
A_2,A_345,1
A_2,A_346,1
A_2,A_347,1
A_2,A_391,1
A_2,A_418,1
A_2,A_436,1
A_2,A_618,1
A_2,A_619,1
A_2,A_661,1
A_2,A_662,1
A_2,A_663,1
A_2,A_664,1
A_2,A_710,1
A_2,A_711,1
A_2,A_712,1
A_2,A_713,1
A_2,A_714,1
A_2,A_715,1
A_2,A_717,1
A_3,A_65,1
A_3,A_66,1
A_3,A_166,1
A_3,A_167,1
A_3,A_224,1
A_3,A_253,1
A_3,A_302,1
A_3,A_303,1
A_3,A_304,1
A_3,A_305,1
A_3,A_306,1
A_3,A_307,1
A_3,A_344,1
A_3,A_345,1
A_3,A_346,1
A_3,A_347,1
A_3,A_391,1
A_3,A_418,1
A_3,A_436,1
A_3,A_618,1
A_3,A_619,1
A_3,A_661,1
A_3,A_662,1
A_3,A_663,1
A_3,A_664,1
A_3,A_710,1
A_3,A_711,1
A_3,A_712,1
A_3,A_713,1
A_3,A_714,1
A_3,A_715,1
A_3,A_717,1
A_4,A_143,1
A_4,A_418,1
A_4,A_438,1
A_4,A_479,1
A_4,A_482,1
A_5,A_418,1
A_5,A_419,1
A_6,A_8,1
A_6,A_15,1
A_6,A_16,1
A_6,A_17,1
A_6,A_18,1
A_6,A_41,1
A_6,A_59,1
A_6,A_83,1
A_6,A_90,1
A_6,A_94,1
A_6,A_137,1
A_6,A_176,1
A_6,A_232,1
A_6,A_247,1
A_6,A_383,1
A_6,A_396,1
A_6,A_397,1
A_6,A_418,1
A_6,A_444,1
A_6,A_507,1
A_6,A_514,1
A_6,A_545,1
A_6,A_591,1
A_6,A_611,1
A_6,A_658,1
A_6,A_707,1
A_6,A_709,1
A_7,A_14,1
A_7,A_20,1
A_7,A_25,1
A_7,A_26,1
A_7,A_42,1
A_7,A_49,1
A_7,A_67,1
A_7,A_70,1
A_7,A_75,1
A_7,A_87,1
A_7,A_104,1
A_7,A_105,1
A_7,A_106,1
A_7,A_107,1
A_7,A_108,1
A_7,A_115,1
A_7,A_122,1
A_7,A_123,1
A_7,A_126,1
A_7,A_134,1
A_7,A_152,1
A_7,A_184,1
A_7,A_188,1
A_7,A_220,1
A_7,A_249,1
A_7,A_257,1
A_7,A_258,1
A_7,A_262,1
A_7,A_280,1
A_7,A_281,1
A_7,A_282,1
A_7,A_311,1
A_7,A_315,1
A_7,A_316,1
A_7,A_332,1
A_7,A_340,1
A_7,A_341,1
A_7,A_348,1
A_7,A_349,1
A_7,A_350,1
A_7,A_351,1
A_7,A_354,1
A_7,A_358,1
A_7,A_367,1
A_7,A_368,1
A_7,A_369,1
A_7,A_370,1
A_7,A_371,1
A_7,A_372,1
A_7,A_373,1
A_7,A_374,1
A_7,A_375,1
A_7,A_376,1
A_7,A_377,1
A_7,A_404,1
A_7,A_405,1
A_7,A_406,1
A_7,A_407,1
A_7,A_408,1
A_7,A_409,1
A_7,A_410,1
A_7,A_411,1
A_7,A_412,1
A_7,A_413,1
A_7,A_414,1
A_7,A_415,1
A_7,A_416,1
A_7,A_417,1
A_7,A_418,1
A_7,A_449,1
A_7,A_464,1
A_7,A_522,1
A_7,A_525,1
A_7,A_526,1
A_7,A_527,1
A_7,A_528,1
A_7,A_529,1
A_7,A_530,1
A_7,A_539,1
A_7,A_590,1
A_7,A_598,1
A_7,A_633,1
A_7,A_634,1
A_7,A_635,1
A_7,A_643,1
A_7,A_650,1
A_7,A_653,1
A_7,A_654,1
A_7,A_667,1
A_7,A_729,1
A_7,A_731,1
A_7,A_735,1
A_7,A_741,1
A_7,A_742,1
A_8,A_15,1
A_8,A_16,1
A_8,A_17,1
A_8,A_18,1
A_8,A_41,1
A_8,A_59,1
A_8,A_83,1
A_8,A_90,1
A_8,A_94,1
A_8,A_137,1
A_8,A_176,1
A_8,A_232,1
A_8,A_247,1
A_8,A_383,1
A_8,A_396,1
A_8,A_397,1
A_8,A_418,1
A_8,A_444,1
A_8,A_507,1
A_8,A_514,1
A_8,A_545,1
A_8,A_591,1
A_8,A_611,1
A_8,A_658,1
A_8,A_707,1
A_8,A_709,1
A_9,A_10,1
A_9,A_12,1
A_9,A_24,1
A_9,A_29,1
A_9,A_37,1
A_9,A_45,1
A_9,A_46,1
A_9,A_129,1
A_9,A_136,1
A_9,A_149,1
A_9,A_157,1
A_9,A_168,1
A_9,A_172,1
A_9,A_177,1
A_9,A_192,1
A_9,A_198,1
A_9,A_219,1
A_9,A_249,1
A_9,A_254,1
A_9,A_279,1
A_9,A_286,1
A_9,A_287,1
A_9,A_292,1
A_9,A_321,1
A_9,A_322,1
A_9,A_357,1
A_9,A_418,1
A_9,A_423,1
A_9,A_434,1
A_9,A_451,1
A_9,A_452,1
A_9,A_493,1
A_9,A_559,1
A_9,A_622,1
A_9,A_647,1
A_9,A_666,1
A_9,A_744,1
A_10,A_12,1
A_10,A_24,1
A_10,A_29,1
A_10,A_37,1
A_10,A_45,1
A_10,A_46,1
A_10,A_129,1
A_10,A_136,1
A_10,A_149,1
A_10,A_157,1
A_10,A_168,1
A_10,A_172,1
A_10,A_177,1
A_10,A_192,1
A_10,A_198,1
A_10,A_219,1
A_10,A_249,1
A_10,A_254,1
A_10,A_279,1
A_10,A_286,1
A_10,A_287,1
A_10,A_292,1
A_10,A_321,1
A_10,A_322,1
A_10,A_357,1
A_10,A_418,5
A_10,A_423,1
A_10,A_434,1
A_10,A_451,1
A_10,A_452,1
A_10,A_493,1
A_10,A_559,1
A_10,A_622,1
A_10,A_647,1
A_10,A_666,1
A_10,A_744,1
A_11,A_418,2
A_11,A_420,1
A_12,A_24,1
A_12,A_29,1
A_12,A_37,1
A_12,A_45,1
A_12,A_46,1
A_12,A_129,1
A_12,A_136,1
A_12,A_149,1
A_12,A_157,1
A_12,A_168,1
A_12,A_172,1
A_12,A_177,1
A_12,A_192,1
A_12,A_198,1
A_12,A_219,1
A_12,A_249,1
A_12,A_254,1
A_12,A_279,1
A_12,A_286,1
A_12,A_287,1
A_12,A_292,1
A_12,A_321,1
A_12,A_322,1
A_12,A_357,1
A_12,A_418,1
A_12,A_423,1
A_12,A_434,1
A_12,A_451,1
A_12,A_452,1
A_12,A_493,1
A_12,A_559,1
A_12,A_622,1
A_12,A_647,1
A_12,A_666,1
A_12,A_744,1
A_13,A_418,1
A_14,A_20,1
A_14,A_25,1
A_14,A_26,1
A_14,A_42,1
A_14,A_49,1
A_14,A_67,1
A_14,A_70,1
A_14,A_75,1
A_14,A_87,1
A_14,A_104,1
A_14,A_105,1
A_14,A_106,1
A_14,A_107,1
A_14,A_108,1
A_14,A_115,1
A_14,A_122,1
A_14,A_123,1
A_14,A_126,1
A_14,A_134,1
A_14,A_152,1
A_14,A_184,1
A_14,A_188,1
A_14,A_220,1
A_14,A_249,1
A_14,A_257,1
A_14,A_258,1
A_14,A_262,1
A_14,A_280,1
A_14,A_281,1
A_14,A_282,1
A_14,A_311,1
A_14,A_315,1
A_14,A_316,1
A_14,A_332,1
A_14,A_340,1
A_14,A_341,1
A_14,A_348,1
A_14,A_349,1
A_14,A_350,1
A_14,A_351,1
A_14,A_354,1
A_14,A_358,1
A_14,A_367,1
A_14,A_368,1
A_14,A_369,1
A_14,A_370,1
A_14,A_371,1
A_14,A_372,1
A_14,A_373,1
A_14,A_374,1
A_14,A_375,1
A_14,A_376,1
A_14,A_377,1
A_14,A_404,1
A_14,A_405,1
A_14,A_406,1
A_14,A_407,1
A_14,A_408,1
A_14,A_409,1
A_14,A_410,1
A_14,A_411,1
A_14,A_412,1
A_14,A_413,1
A_14,A_414,1
A_14,A_415,1
A_14,A_416,1
A_14,A_417,1
A_14,A_418,2
A_14,A_449,1
A_14,A_464,1
A_14,A_522,1
A_14,A_525,1
A_14,A_526,1
A_14,A_527,1
A_14,A_528,1
A_14,A_529,1
A_14,A_530,1
A_14,A_539,1
A_14,A_590,1
A_14,A_598,1
A_14,A_633,1
A_14,A_634,1
A_14,A_635,1
A_14,A_643,1
A_14,A_650,1
A_14,A_653,1
A_14,A_654,1
A_14,A_667,1
A_14,A_729,1
A_14,A_731,1
A_14,A_735,1
A_14,A_741,1
A_14,A_742,1
A_15,A_16,1
A_15,A_17,1
A_15,A_18,1
A_15,A_41,1
A_15,A_59,1
A_15,A_83,1
A_15,A_90,1
A_15,A_94,1
A_15,A_137,1
A_15,A_176,1
A_15,A_232,1
A_15,A_247,1
A_15,A_383,1
A_15,A_396,1
A_15,A_397,1
A_15,A_418,1
A_15,A_444,1
A_15,A_507,1
A_15,A_514,1
A_15,A_545,1
A_15,A_591,1
A_15,A_611,1
A_15,A_658,1
A_15,A_707,1
A_15,A_709,1
A_16,A_17,1
A_16,A_18,1
A_16,A_41,1
A_16,A_59,1
A_16,A_83,1
A_16,A_90,1
A_16,A_94,1
A_16,A_137,1
A_16,A_176,1
A_16,A_232,1
A_16,A_247,1
A_16,A_383,1
A_16,A_396,1
A_16,A_397,1
A_16,A_418,1
A_16,A_444,1
A_16,A_507,1
A_16,A_514,1
A_16,A_545,1
A_16,A_591,1
A_16,A_611,1
A_16,A_658,1
A_16,A_707,1
A_16,A_709,1
A_17,A_18,1
A_17,A_41,1
A_17,A_59,1
A_17,A_83,1
A_17,A_90,1
A_17,A_94,1
A_17,A_137,1
A_17,A_176,1
A_17,A_232,1
A_17,A_247,1
A_17,A_383,1
A_17,A_396,1
A_17,A_397,1
A_17,A_418,1
A_17,A_444,1
A_17,A_507,1
A_17,A_514,1
A_17,A_545,1
A_17,A_591,1
A_17,A_611,1
A_17,A_658,1
A_17,A_707,1
A_17,A_709,1
A_18,A_41,1
A_18,A_59,1
A_18,A_83,1
A_18,A_90,1
A_18,A_94,1
A_18,A_137,1
A_18,A_176,1
A_18,A_232,1
A_18,A_247,1
A_18,A_383,1
A_18,A_396,1
A_18,A_397,1
A_18,A_418,1
A_18,A_444,1
A_18,A_507,1
A_18,A_514,1
A_18,A_545,1
A_18,A_591,1
A_18,A_611,1
A_18,A_658,1
A_18,A_707,1
A_18,A_709,1
A_19,A_418,2
A_20,A_25,1
A_20,A_26,1
A_20,A_42,1
A_20,A_49,1
A_20,A_67,1
A_20,A_70,1
A_20,A_75,1
A_20,A_87,1
A_20,A_104,1
A_20,A_105,1
A_20,A_106,1
A_20,A_107,1
A_20,A_108,1
A_20,A_115,1
A_20,A_122,1
A_20,A_123,1
A_20,A_126,1
A_20,A_134,1
A_20,A_152,1
A_20,A_184,1
A_20,A_188,1
A_20,A_220,1
A_20,A_249,1
A_20,A_257,1
A_20,A_258,1
A_20,A_262,1
A_20,A_280,1
A_20,A_281,1
A_20,A_282,1
A_20,A_311,1
A_20,A_315,1
A_20,A_316,1
A_20,A_332,1
A_20,A_340,1
A_20,A_341,1
A_20,A_348,1
A_20,A_349,1
A_20,A_350,1
A_20,A_351,1
A_20,A_354,1
A_20,A_358,1
A_20,A_367,1
A_20,A_368,1
A_20,A_369,1
A_20,A_370,1
A_20,A_371,1
A_20,A_372,1
A_20,A_373,1
A_20,A_374,1
A_20,A_375,1
A_20,A_376,1
A_20,A_377,1
A_20,A_404,1
A_20,A_405,1
A_20,A_406,1
A_20,A_407,1
A_20,A_408,1
A_20,A_409,1
A_20,A_410,1
A_20,A_411,1
A_20,A_412,1
A_20,A_413,1
A_20,A_414,1
A_20,A_415,1
A_20,A_416,1
A_20,A_417,1
A_20,A_418,1
A_20,A_449,1
A_20,A_464,1
A_20,A_522,1
A_20,A_525,1
A_20,A_526,1
A_20,A_527,1
A_20,A_528,1
A_20,A_529,1
A_20,A_530,1
A_20,A_539,1
A_20,A_590,1
A_20,A_598,1
A_20,A_633,1
A_20,A_634,1
A_20,A_635,1
A_20,A_643,1
A_20,A_650,1
A_20,A_653,1
A_20,A_654,1
A_20,A_667,1
A_20,A_729,1
A_20,A_731,1
A_20,A_735,1
A_20,A_741,1
A_20,A_742,1
A_24,A_29,1
A_24,A_37,1
A_24,A_45,1
A_24,A_46,1
A_24,A_129,1
A_24,A_136,1
A_24,A_149,1
A_24,A_157,1
A_24,A_168,1
A_24,A_172,1
A_24,A_177,1
A_24,A_192,1
A_24,A_198,1
A_24,A_219,1
A_24,A_249,1
A_24,A_254,1
A_24,A_279,1
A_24,A_286,1
A_24,A_287,1
A_24,A_292,1
A_24,A_321,1
A_24,A_322,1
A_24,A_357,1
A_24,A_418,1
A_24,A_423,1
A_24,A_434,1
A_24,A_451,1
A_24,A_452,1
A_24,A_493,1
A_24,A_559,1
A_24,A_622,1
A_24,A_647,1
A_24,A_666,1
A_24,A_744,1
A_25,A_26,1
A_25,A_42,1
A_25,A_49,1
A_25,A_67,1
A_25,A_70,1
A_25,A_75,1
A_25,A_87,1
A_25,A_104,1
A_25,A_105,1
A_25,A_106,1
A_25,A_107,1
A_25,A_108,1
A_25,A_115,1
A_25,A_122,1
A_25,A_123,1
A_25,A_126,1
A_25,A_134,1
A_25,A_152,1
A_25,A_184,1
A_25,A_188,1
A_25,A_220,1
A_25,A_249,1
A_25,A_257,1
A_25,A_258,1
A_25,A_262,1
A_25,A_280,1
A_25,A_281,1
A_25,A_282,1
A_25,A_311,1
A_25,A_315,1
A_25,A_316,1
A_25,A_332,1
A_25,A_340,1
A_25,A_341,1
A_25,A_348,1
A_25,A_349,1
A_25,A_350,1
A_25,A_351,1
A_25,A_354,1
A_25,A_358,1
A_25,A_367,1
A_25,A_368,1
A_25,A_369,1
A_25,A_370,1
A_25,A_371,1
A_25,A_372,1
A_25,A_373,1
A_25,A_374,1
A_25,A_375,1
A_25,A_376,1
A_25,A_377,1
A_25,A_404,1
A_25,A_405,1
A_25,A_406,1
A_25,A_407,1
A_25,A_408,1
A_25,A_409,1
A_25,A_410,1
A_25,A_411,1
A_25,A_412,1
A_25,A_413,1
A_25,A_414,1
A_25,A_415,1
A_25,A_416,1
A_25,A_417,1
A_25,A_418,1
A_25,A_449,1
A_25,A_464,1
A_25,A_522,1
A_25,A_525,1
A_25,A_526,1
A_25,A_527,1
A_25,A_528,1
A_25,A_529,1
A_25,A_530,1
A_25,A_539,1
A_25,A_590,1
A_25,A_598,1
A_25,A_633,1
A_25,A_634,1
A_25,A_635,1
A_25,A_643,1
A_25,A_650,1
A_25,A_653,1
A_25,A_654,1
A_25,A_667,1
A_25,A_729,1
A_25,A_731,1
A_25,A_735,1
A_25,A_741,1
A_25,A_742,1
A_26,A_42,1
A_26,A_49,1
A_26,A_67,1
A_26,A_70,1
A_26,A_75,1
A_26,A_87,1
A_26,A_104,1
A_26,A_105,1
A_26,A_106,1
A_26,A_107,1
A_26,A_108,1
A_26,A_115,1
A_26,A_122,1
A_26,A_123,1
A_26,A_126,1
A_26,A_134,1
A_26,A_152,1
A_26,A_184,1
A_26,A_188,1
A_26,A_220,1
A_26,A_249,1
A_26,A_257,1
A_26,A_258,1
A_26,A_262,1
A_26,A_280,1
A_26,A_281,1
A_26,A_282,1
A_26,A_311,1
A_26,A_315,1
A_26,A_316,1
A_26,A_332,1
A_26,A_340,1
A_26,A_341,1
A_26,A_348,1
A_26,A_349,1
A_26,A_350,1
A_26,A_351,1
A_26,A_354,1
A_26,A_358,1
A_26,A_367,1
A_26,A_368,1
A_26,A_369,1
A_26,A_370,1
A_26,A_371,1
A_26,A_372,1
A_26,A_373,1
A_26,A_374,1
A_26,A_375,1
A_26,A_376,1
A_26,A_377,1
A_26,A_404,1
A_26,A_405,1
A_26,A_406,1
A_26,A_407,1
A_26,A_408,1
A_26,A_409,1
A_26,A_410,1
A_26,A_411,1
A_26,A_412,1
A_26,A_413,1
A_26,A_414,1
A_26,A_415,1
A_26,A_416,1
A_26,A_417,1
A_26,A_418,1
A_26,A_449,1
A_26,A_464,1
A_26,A_522,1
A_26,A_525,1
A_26,A_526,1
A_26,A_527,1
A_26,A_528,1
A_26,A_529,1
A_26,A_530,1
A_26,A_539,1
A_26,A_590,1
A_26,A_598,1
A_26,A_633,1
A_26,A_634,1
A_26,A_635,1
A_26,A_643,1
A_26,A_650,1
A_26,A_653,1
A_26,A_654,1
A_26,A_667,1
A_26,A_729,1
A_26,A_731,1
A_26,A_735,1
A_26,A_741,1
A_26,A_742,1
A_29,A_37,1
A_29,A_45,1
A_29,A_46,1
A_29,A_129,1
A_29,A_136,1
A_29,A_149,1
A_29,A_157,1
A_29,A_168,1
A_29,A_172,1
A_29,A_177,1
A_29,A_192,1
A_29,A_198,1
A_29,A_219,1
A_29,A_249,1
A_29,A_254,1
A_29,A_279,1
A_29,A_286,1
A_29,A_287,1
A_29,A_292,1
A_29,A_321,1
A_29,A_322,1
A_29,A_357,1
A_29,A_418,1
A_29,A_423,1
A_29,A_434,1
A_29,A_451,1
A_29,A_452,1
A_29,A_493,1
A_29,A_559,1
A_29,A_622,1
A_29,A_647,1
A_29,A_666,1
A_29,A_744,1
A_37,A_45,1
A_37,A_46,1
A_37,A_129,1
A_37,A_136,1
A_37,A_149,1
A_37,A_157,1
A_37,A_168,1
A_37,A_172,1
A_37,A_177,1
A_37,A_192,1
A_37,A_198,1
A_37,A_219,1
A_37,A_249,1
A_37,A_254,1
A_37,A_279,1
A_37,A_286,1
A_37,A_287,1
A_37,A_292,1
A_37,A_321,1
A_37,A_322,1
A_37,A_357,1
A_37,A_418,1
A_37,A_423,1
A_37,A_434,1
A_37,A_451,1
A_37,A_452,1
A_37,A_493,1
A_37,A_559,1
A_37,A_622,1
A_37,A_647,1
A_37,A_666,1
A_37,A_744,1
A_41,A_59,1
A_41,A_83,1
A_41,A_90,1
A_41,A_94,1
A_41,A_137,1
A_41,A_176,1
A_41,A_232,1
A_41,A_247,1
A_41,A_383,1
A_41,A_396,1
A_41,A_397,1
A_41,A_418,1
A_41,A_444,1
A_41,A_507,1
A_41,A_514,1
A_41,A_545,1
A_41,A_591,1
A_41,A_611,1
A_41,A_658,1
A_41,A_707,1
A_41,A_709,1
A_42,A_49,1
A_42,A_67,1
A_42,A_70,1
A_42,A_75,1
A_42,A_87,1
A_42,A_104,1
A_42,A_105,1
A_42,A_106,1
A_42,A_107,1
A_42,A_108,1
A_42,A_115,1
A_42,A_122,1
A_42,A_123,1
A_42,A_126,1
A_42,A_134,1
A_42,A_152,1
A_42,A_184,1
A_42,A_188,1
A_42,A_220,1
A_42,A_249,1
A_42,A_257,1
A_42,A_258,1
A_42,A_262,1
A_42,A_280,1
A_42,A_281,1
A_42,A_282,1
A_42,A_311,1
A_42,A_315,1
A_42,A_316,1
A_42,A_332,1
A_42,A_340,1
A_42,A_341,1
A_42,A_348,1
A_42,A_349,1
A_42,A_350,1
A_42,A_351,1
A_42,A_354,1
A_42,A_358,1
A_42,A_367,1
A_42,A_368,1
A_42,A_369,1
A_42,A_370,1
A_42,A_371,1
A_42,A_372,1
A_42,A_373,1
A_42,A_374,1
A_42,A_375,1
A_42,A_376,1
A_42,A_377,1
A_42,A_404,1
A_42,A_405,1
A_42,A_406,1
A_42,A_407,1
A_42,A_408,1
A_42,A_409,1
A_42,A_410,1
A_42,A_411,1
A_42,A_412,1
A_42,A_413,1
A_42,A_414,1
A_42,A_415,1
A_42,A_416,1
A_42,A_417,1
A_42,A_418,1
A_42,A_449,1
A_42,A_464,1
A_42,A_522,1
A_42,A_525,1
A_42,A_526,1
A_42,A_527,1
A_42,A_528,1
A_42,A_529,1
A_42,A_530,1
A_42,A_539,1
A_42,A_590,1
A_42,A_598,1
A_42,A_633,1
A_42,A_634,1
A_42,A_635,1
A_42,A_643,1
A_42,A_650,1
A_42,A_653,1
A_42,A_654,1
A_42,A_667,1
A_42,A_729,1
A_42,A_731,1
A_42,A_735,1
A_42,A_741,1
A_42,A_742,1
A_45,A_46,1
A_45,A_129,1
A_45,A_136,1
A_45,A_149,1
A_45,A_157,1
A_45,A_168,1
A_45,A_172,1
A_45,A_177,1
A_45,A_192,1
A_45,A_198,1
A_45,A_219,1
A_45,A_249,1
A_45,A_254,1
A_45,A_279,1
A_45,A_286,1
A_45,A_287,1
A_45,A_292,1
A_45,A_321,1
A_45,A_322,1
A_45,A_357,1
A_45,A_418,1
A_45,A_423,1
A_45,A_434,1
A_45,A_451,1
A_45,A_452,1
A_45,A_493,1
A_45,A_559,1
A_45,A_622,1
A_45,A_647,1
A_45,A_666,1
A_45,A_744,1
A_46,A_129,1
A_46,A_136,1
A_46,A_149,1
A_46,A_157,1
A_46,A_168,1
A_46,A_172,1
A_46,A_177,1
A_46,A_192,1
A_46,A_198,1
A_46,A_219,1
A_46,A_249,1
A_46,A_254,1
A_46,A_279,1
A_46,A_286,1
A_46,A_287,1
A_46,A_292,1
A_46,A_321,1
A_46,A_322,1
A_46,A_357,1
A_46,A_418,1
A_46,A_423,1
A_46,A_434,1
A_46,A_451,1
A_46,A_452,1
A_46,A_493,1
A_46,A_559,1
A_46,A_622,1
A_46,A_647,1
A_46,A_666,1
A_46,A_744,1
A_49,A_67,1
A_49,A_70,1
A_49,A_75,1
A_49,A_87,1
A_49,A_104,1
A_49,A_105,1
A_49,A_106,1
A_49,A_107,1
A_49,A_108,1
A_49,A_115,1
A_49,A_122,1
A_49,A_123,1
A_49,A_126,1
A_49,A_134,1
A_49,A_152,1
A_49,A_184,1
A_49,A_188,1
A_49,A_220,1
A_49,A_249,1
A_49,A_257,1
A_49,A_258,1
A_49,A_262,1
A_49,A_280,1
A_49,A_281,1
A_49,A_282,1
A_49,A_311,1
A_49,A_315,1
A_49,A_316,1
A_49,A_332,1
A_49,A_340,1
A_49,A_341,1
A_49,A_348,1
A_49,A_349,1
A_49,A_350,1
A_49,A_351,1
A_49,A_354,1
A_49,A_358,1
A_49,A_367,1
A_49,A_368,1
A_49,A_369,1
A_49,A_370,1
A_49,A_371,1
A_49,A_372,1
A_49,A_373,1
A_49,A_374,1
A_49,A_375,1
A_49,A_376,1
A_49,A_377,1
A_49,A_404,1
A_49,A_405,1
A_49,A_406,1
A_49,A_407,1
A_49,A_408,1
A_49,A_409,1
A_49,A_410,1
A_49,A_411,1
A_49,A_412,1
A_49,A_413,1
A_49,A_414,1
A_49,A_415,1
A_49,A_416,1
A_49,A_417,1
A_49,A_418,1
A_49,A_449,1
A_49,A_464,1
A_49,A_522,1
A_49,A_525,1
A_49,A_526,1
A_49,A_527,1
A_49,A_528,1
A_49,A_529,1
A_49,A_530,1
A_49,A_539,1
A_49,A_590,1
A_49,A_598,1
A_49,A_633,1
A_49,A_634,1
A_49,A_635,1
A_49,A_643,1
A_49,A_650,1
A_49,A_653,1
A_49,A_654,1
A_49,A_667,1
A_49,A_729,1
A_49,A_731,1
A_49,A_735,1
A_49,A_741,1
A_49,A_742,1
A_59,A_83,1
A_59,A_90,1
A_59,A_94,1
A_59,A_137,1
A_59,A_176,1
A_59,A_232,1
A_59,A_247,1
A_59,A_383,1
A_59,A_396,1
A_59,A_397,1
A_59,A_418,1
A_59,A_444,1
A_59,A_507,1
A_59,A_514,1
A_59,A_545,1
A_59,A_591,1
A_59,A_611,1
A_59,A_658,1
A_59,A_707,1
A_59,A_709,1
A_65,A_66,1
A_65,A_166,1
A_65,A_167,1
A_65,A_224,1
A_65,A_253,1
A_65,A_302,1
A_65,A_303,1
A_65,A_304,1
A_65,A_305,1
A_65,A_306,1
A_65,A_307,1
A_65,A_344,1
A_65,A_345,1
A_65,A_346,1
A_65,A_347,1
A_65,A_391,1
A_65,A_418,1
A_65,A_436,1
A_65,A_618,1
A_65,A_619,1
A_65,A_661,1
A_65,A_662,1
A_65,A_663,1
A_65,A_664,1
A_65,A_710,1
A_65,A_711,1
A_65,A_712,1
A_65,A_713,1
A_65,A_714,1
A_65,A_715,1
A_65,A_717,1
A_66,A_166,1
A_66,A_167,1
A_66,A_224,1
A_66,A_253,1
A_66,A_302,1
A_66,A_303,1
A_66,A_304,1
A_66,A_305,1
A_66,A_306,1
A_66,A_307,1
A_66,A_344,1
A_66,A_345,1
A_66,A_346,1
A_66,A_347,1
A_66,A_391,1
A_66,A_418,1
A_66,A_436,1
A_66,A_618,1
A_66,A_619,1
A_66,A_661,1
A_66,A_662,1
A_66,A_663,1
A_66,A_664,1
A_66,A_710,1
A_66,A_711,1
A_66,A_712,1
A_66,A_713,1
A_66,A_714,1
A_66,A_715,1
A_66,A_717,1
A_67,A_70,1
A_67,A_75,1
A_67,A_87,1
A_67,A_104,1
A_67,A_105,1
A_67,A_106,1
A_67,A_107,1
A_67,A_108,1
A_67,A_115,1
A_67,A_122,1
A_67,A_123,1
A_67,A_126,1
A_67,A_134,1
A_67,A_152,1
A_67,A_184,1
A_67,A_188,1
A_67,A_220,1
A_67,A_249,1
A_67,A_257,1
A_67,A_258,1
A_67,A_262,1
A_67,A_280,1
A_67,A_281,1
A_67,A_282,1
A_67,A_311,1
A_67,A_315,1
A_67,A_316,1
A_67,A_332,1
A_67,A_340,1
A_67,A_341,1
A_67,A_348,1
A_67,A_349,1
A_67,A_350,1
A_67,A_351,1
A_67,A_354,1
A_67,A_358,1
A_67,A_367,1
A_67,A_368,1
A_67,A_369,1
A_67,A_370,1
A_67,A_371,1
A_67,A_372,1
A_67,A_373,1
A_67,A_374,1
A_67,A_375,1
A_67,A_376,1
A_67,A_377,1
A_67,A_404,1
A_67,A_405,1
A_67,A_406,1
A_67,A_407,1
A_67,A_408,1
A_67,A_409,1
A_67,A_410,1
A_67,A_411,1
A_67,A_412,1
A_67,A_413,1
A_67,A_414,1
A_67,A_415,1
A_67,A_416,1
A_67,A_417,1
A_67,A_418,1
A_67,A_449,1
A_67,A_464,1
A_67,A_522,1
A_67,A_525,1
A_67,A_526,1
A_67,A_527,1
A_67,A_528,1
A_67,A_529,1
A_67,A_530,1
A_67,A_539,1
A_67,A_590,1
A_67,A_598,1
A_67,A_633,1
A_67,A_634,1
A_67,A_635,1
A_67,A_643,1
A_67,A_650,1
A_67,A_653,1
A_67,A_654,1
A_67,A_667,1
A_67,A_729,1
A_67,A_731,1
A_67,A_735,1
A_67,A_741,1
A_67,A_742,1
A_70,A_75,1
A_70,A_87,1
A_70,A_104,1
A_70,A_105,1
A_70,A_106,1
A_70,A_107,1
A_70,A_108,1
A_70,A_115,1
A_70,A_122,1
A_70,A_123,1
A_70,A_126,1
A_70,A_134,1
A_70,A_152,1
A_70,A_184,1
A_70,A_188,1
A_70,A_220,1
A_70,A_249,1
A_70,A_257,1
A_70,A_258,1
A_70,A_262,1
A_70,A_280,1
A_70,A_281,1
A_70,A_282,1
A_70,A_311,1
A_70,A_315,1
A_70,A_316,1
A_70,A_332,1
A_70,A_340,1
A_70,A_341,1
A_70,A_348,1
A_70,A_349,1
A_70,A_350,1
A_70,A_351,1
A_70,A_354,1
A_70,A_358,1
A_70,A_367,1
A_70,A_368,1
A_70,A_369,1
A_70,A_370,1
A_70,A_371,1
A_70,A_372,1
A_70,A_373,1
A_70,A_374,1
A_70,A_375,1
A_70,A_376,1
A_70,A_377,1
A_70,A_404,1
A_70,A_405,1
A_70,A_406,1
A_70,A_407,1
A_70,A_408,1
A_70,A_409,1
A_70,A_410,1
A_70,A_411,1
A_70,A_412,1
A_70,A_413,1
A_70,A_414,1
A_70,A_415,1
A_70,A_416,1
A_70,A_417,1
A_70,A_418,1
A_70,A_449,1
A_70,A_464,1
A_70,A_522,1
A_70,A_525,1
A_70,A_526,1
A_70,A_527,1
A_70,A_528,1
A_70,A_529,1
A_70,A_530,1
A_70,A_539,1
A_70,A_590,1
A_70,A_598,1
A_70,A_633,1
A_70,A_634,1
A_70,A_635,1
A_70,A_643,1
A_70,A_650,1
A_70,A_653,1
A_70,A_654,1
A_70,A_667,1
A_70,A_729,1
A_70,A_731,1
A_70,A_735,1
A_70,A_741,1
A_70,A_742,1
A_75,A_87,1
A_75,A_104,1
A_75,A_105,1
A_75,A_106,1
A_75,A_107,1
A_75,A_108,1
A_75,A_115,1
A_75,A_122,1
A_75,A_123,1
A_75,A_126,1
A_75,A_134,1
A_75,A_152,1
A_75,A_184,1
A_75,A_188,1
A_75,A_220,1
A_75,A_249,1
A_75,A_257,1
A_75,A_258,1
A_75,A_262,1
A_75,A_280,1
A_75,A_281,1
A_75,A_282,1
A_75,A_311,1
A_75,A_315,1
A_75,A_316,1
A_75,A_332,1
A_75,A_340,1
A_75,A_341,1
A_75,A_348,1
A_75,A_349,1
A_75,A_350,1
A_75,A_351,1
A_75,A_354,1
A_75,A_358,1
A_75,A_367,1
A_75,A_368,1
A_75,A_369,1
A_75,A_370,1
A_75,A_371,1
A_75,A_372,1
A_75,A_373,1
A_75,A_374,1
A_75,A_375,1
A_75,A_376,1
A_75,A_377,1
A_75,A_404,1
A_75,A_405,1
A_75,A_406,1
A_75,A_407,1
A_75,A_408,1
A_75,A_409,1
A_75,A_410,1
A_75,A_411,1
A_75,A_412,1
A_75,A_413,1
A_75,A_414,1
A_75,A_415,1
A_75,A_416,1
A_75,A_417,1
A_75,A_418,1
A_75,A_449,1
A_75,A_464,1
A_75,A_522,1
A_75,A_525,1
A_75,A_526,1
A_75,A_527,1
A_75,A_528,1
A_75,A_529,1
A_75,A_530,1
A_75,A_539,1
A_75,A_590,1
A_75,A_598,1
A_75,A_633,1
A_75,A_634,1
A_75,A_635,1
A_75,A_643,1
A_75,A_650,1
A_75,A_653,1
A_75,A_654,1
A_75,A_667,1
A_75,A_729,1
A_75,A_731,1
A_75,A_735,1
A_75,A_741,1
A_75,A_742,1
A_83,A_90,1
A_83,A_94,1
A_83,A_137,1
A_83,A_176,1
A_83,A_232,1
A_83,A_247,1
A_83,A_383,1
A_83,A_396,1
A_83,A_397,1
A_83,A_418,1
A_83,A_444,1
A_83,A_507,1
A_83,A_514,1
A_83,A_545,1
A_83,A_591,1
A_83,A_611,1
A_83,A_658,1
A_83,A_707,1
A_83,A_709,1
A_87,A_104,1
A_87,A_105,1
A_87,A_106,1
A_87,A_107,1
A_87,A_108,1
A_87,A_115,1
A_87,A_122,1
A_87,A_123,1
A_87,A_126,1
A_87,A_134,1
A_87,A_152,1
A_87,A_184,1
A_87,A_188,1
A_87,A_220,1
A_87,A_249,1
A_87,A_257,1
A_87,A_258,1
A_87,A_262,1
A_87,A_280,1
A_87,A_281,1
A_87,A_282,1
A_87,A_311,1
A_87,A_315,1
A_87,A_316,1
A_87,A_332,1
A_87,A_340,1
A_87,A_341,1
A_87,A_348,1
A_87,A_349,1
A_87,A_350,1
A_87,A_351,1
A_87,A_354,1
A_87,A_358,1
A_87,A_367,1
A_87,A_368,1
A_87,A_369,1
A_87,A_370,1
A_87,A_371,1
A_87,A_372,1
A_87,A_373,1
A_87,A_374,1
A_87,A_375,1
A_87,A_376,1
A_87,A_377,1
A_87,A_404,1
A_87,A_405,1
A_87,A_406,1
A_87,A_407,1
A_87,A_408,1
A_87,A_409,1
A_87,A_410,1
A_87,A_411,1
A_87,A_412,1
A_87,A_413,1
A_87,A_414,1
A_87,A_415,1
A_87,A_416,1
A_87,A_417,1
A_87,A_418,1
A_87,A_449,1
A_87,A_464,1
A_87,A_522,1
A_87,A_525,1
A_87,A_526,1
A_87,A_527,1
A_87,A_528,1
A_87,A_529,1
A_87,A_530,1
A_87,A_539,1
A_87,A_590,1
A_87,A_598,1
A_87,A_633,1
A_87,A_634,1
A_87,A_635,1
A_87,A_643,1
A_87,A_650,1
A_87,A_653,1
A_87,A_654,1
A_87,A_667,1
A_87,A_729,1
A_87,A_731,1
A_87,A_735,1
A_87,A_741,1
A_87,A_742,1
A_90,A_94,1
A_90,A_137,1
A_90,A_176,1
A_90,A_232,1
A_90,A_247,1
A_90,A_383,1
A_90,A_396,1
A_90,A_397,1
A_90,A_418,1
A_90,A_444,1
A_90,A_507,1
A_90,A_514,1
A_90,A_545,1
A_90,A_591,1
A_90,A_611,1
A_90,A_658,1
A_90,A_707,1
A_90,A_709,1
A_94,A_137,1
A_94,A_176,1
A_94,A_232,1
A_94,A_247,1
A_94,A_383,1
A_94,A_396,1
A_94,A_397,1
A_94,A_418,1
A_94,A_444,1
A_94,A_507,1
A_94,A_514,1
A_94,A_545,1
A_94,A_591,1
A_94,A_611,1
A_94,A_658,1
A_94,A_707,1
A_94,A_709,1
A_104,A_105,1
A_104,A_106,1
A_104,A_107,1
A_104,A_108,1
A_104,A_115,1
A_104,A_122,1
A_104,A_123,1
A_104,A_126,1
A_104,A_134,1
A_104,A_152,1
A_104,A_184,1
A_104,A_188,1
A_104,A_220,1
A_104,A_249,1
A_104,A_257,1
A_104,A_258,1
A_104,A_262,1
A_104,A_280,1
A_104,A_281,1
A_104,A_282,1
A_104,A_311,1
A_104,A_315,1
A_104,A_316,1
A_104,A_332,1
A_104,A_340,1
A_104,A_341,1
A_104,A_348,1
A_104,A_349,1
A_104,A_350,1
A_104,A_351,1
A_104,A_354,1
A_104,A_358,1
A_104,A_367,1
A_104,A_368,1
A_104,A_369,1
A_104,A_370,1
A_104,A_371,1
A_104,A_372,1
A_104,A_373,1
A_104,A_374,1
A_104,A_375,1
A_104,A_376,1
A_104,A_377,1
A_104,A_404,1
A_104,A_405,1
A_104,A_406,1
A_104,A_407,1
A_104,A_408,1
A_104,A_409,1
A_104,A_410,1
A_104,A_411,1
A_104,A_412,1
A_104,A_413,1
A_104,A_414,1
A_104,A_415,1
A_104,A_416,1
A_104,A_417,1
A_104,A_418,1
A_104,A_449,1
A_104,A_464,1
A_104,A_522,1
A_104,A_525,1
A_104,A_526,1
A_104,A_527,1
A_104,A_528,1
A_104,A_529,1
A_104,A_530,1
A_104,A_539,1
A_104,A_590,1
A_104,A_598,1
A_104,A_633,1
A_104,A_634,1
A_104,A_635,1
A_104,A_643,1
A_104,A_650,1
A_104,A_653,1
A_104,A_654,1
A_104,A_667,1
A_104,A_729,1
A_104,A_731,1
A_104,A_735,1
A_104,A_741,1
A_104,A_742,1
A_105,A_106,1
A_105,A_107,1
A_105,A_108,1
A_105,A_115,1
A_105,A_122,1
A_105,A_123,1
A_105,A_126,1
A_105,A_134,1
A_105,A_152,1
A_105,A_184,1
A_105,A_188,1
A_105,A_220,1
A_105,A_249,1
A_105,A_257,1
A_105,A_258,1
A_105,A_262,1
A_105,A_280,1
A_105,A_281,1
A_105,A_282,1
A_105,A_311,1
A_105,A_315,1
A_105,A_316,1
A_105,A_332,1
A_105,A_340,1
A_105,A_341,1
A_105,A_348,1
A_105,A_349,1
A_105,A_350,1
A_105,A_351,1
A_105,A_354,1
A_105,A_358,1
A_105,A_367,1
A_105,A_368,1
A_105,A_369,1
A_105,A_370,1
A_105,A_371,1
A_105,A_372,1
A_105,A_373,1
A_105,A_374,1
A_105,A_375,1
A_105,A_376,1
A_105,A_377,1
A_105,A_404,1
A_105,A_405,1
A_105,A_406,1
A_105,A_407,1
A_105,A_408,1
A_105,A_409,1
A_105,A_410,1
A_105,A_411,1
A_105,A_412,1
A_105,A_413,1
A_105,A_414,1
A_105,A_415,1
A_105,A_416,1
A_105,A_417,1
A_105,A_418,1
A_105,A_449,1
A_105,A_464,1
A_105,A_522,1
A_105,A_525,1
A_105,A_526,1
A_105,A_527,1
A_105,A_528,1
A_105,A_529,1
A_105,A_530,1
A_105,A_539,1
A_105,A_590,1
A_105,A_598,1
A_105,A_633,1
A_105,A_634,1
A_105,A_635,1
A_105,A_643,1
A_105,A_650,1
A_105,A_653,1
A_105,A_654,1
A_105,A_667,1
A_105,A_729,1
A_105,A_731,1
A_105,A_735,1
A_105,A_741,1
A_105,A_742,1
A_106,A_107,1
A_106,A_108,1
A_106,A_115,1
A_106,A_122,1
A_106,A_123,1
A_106,A_126,1
A_106,A_134,1
A_106,A_152,1
A_106,A_184,1
A_106,A_188,1
A_106,A_220,1
A_106,A_249,1
A_106,A_257,1
A_106,A_258,1
A_106,A_262,1
A_106,A_280,1
A_106,A_281,1
A_106,A_282,1
A_106,A_311,1
A_106,A_315,1
A_106,A_316,1
A_106,A_332,1
A_106,A_340,1
A_106,A_341,1
A_106,A_348,1
A_106,A_349,1
A_106,A_350,1
A_106,A_351,1
A_106,A_354,1
A_106,A_358,1
A_106,A_367,1
A_106,A_368,1
A_106,A_369,1
A_106,A_370,1
A_106,A_371,1
A_106,A_372,1
A_106,A_373,1
A_106,A_374,1
A_106,A_375,1
A_106,A_376,1
A_106,A_377,1
A_106,A_404,1
A_106,A_405,1
A_106,A_406,1
A_106,A_407,1
A_106,A_408,1
A_106,A_409,1
A_106,A_410,1
A_106,A_411,1
A_106,A_412,1
A_106,A_413,1
A_106,A_414,1
A_106,A_415,1
A_106,A_416,1
A_106,A_417,1
A_106,A_418,1
A_106,A_449,1
A_106,A_464,1
A_106,A_522,1
A_106,A_525,1
A_106,A_526,1
A_106,A_527,1
A_106,A_528,1
A_106,A_529,1
A_106,A_530,1
A_106,A_539,1
A_106,A_590,1
A_106,A_598,1
A_106,A_633,1
A_106,A_634,1
A_106,A_635,1
A_106,A_643,1
A_106,A_650,1
A_106,A_653,1
A_106,A_654,1
A_106,A_667,1
A_106,A_729,1
A_106,A_731,1
A_106,A_735,1
A_106,A_741,1
A_106,A_742,1
A_107,A_108,1
A_107,A_115,1
A_107,A_122,1
A_107,A_123,1
A_107,A_126,1
A_107,A_134,1
A_107,A_152,1
A_107,A_184,1
A_107,A_188,1
A_107,A_220,1
A_107,A_249,1
A_107,A_257,1
A_107,A_258,1
A_107,A_262,1
A_107,A_280,1
A_107,A_281,1
A_107,A_282,1
A_107,A_311,1
A_107,A_315,1
A_107,A_316,1
A_107,A_332,1
A_107,A_340,1
A_107,A_341,1
A_107,A_348,1
A_107,A_349,1
A_107,A_350,1
A_107,A_351,1
A_107,A_354,1
A_107,A_358,1
A_107,A_367,1
A_107,A_368,1
A_107,A_369,1
A_107,A_370,1
A_107,A_371,1
A_107,A_372,1
A_107,A_373,1
A_107,A_374,1
A_107,A_375,1
A_107,A_376,1
A_107,A_377,1
A_107,A_404,1
A_107,A_405,1
A_107,A_406,1
A_107,A_407,1
A_107,A_408,1
A_107,A_409,1
A_107,A_410,1
A_107,A_411,1
A_107,A_412,1
A_107,A_413,1
A_107,A_414,1
A_107,A_415,1
A_107,A_416,1
A_107,A_417,1
A_107,A_418,1
A_107,A_449,1
A_107,A_464,1
A_107,A_522,1
A_107,A_525,1
A_107,A_526,1
A_107,A_527,1
A_107,A_528,1
A_107,A_529,1
A_107,A_530,1
A_107,A_539,1
A_107,A_590,1
A_107,A_598,1
A_107,A_633,1
A_107,A_634,1
A_107,A_635,1
A_107,A_643,1
A_107,A_650,1
A_107,A_653,1
A_107,A_654,1
A_107,A_667,1
A_107,A_729,1
A_107,A_731,1
A_107,A_735,1
A_107,A_741,1
A_107,A_742,1
A_108,A_115,1
A_108,A_122,1
A_108,A_123,1
A_108,A_126,1
A_108,A_134,1
A_108,A_152,1
A_108,A_184,1
A_108,A_188,1
A_108,A_220,1
A_108,A_249,1
A_108,A_257,1
A_108,A_258,1
A_108,A_262,1
A_108,A_280,1
A_108,A_281,1
A_108,A_282,1
A_108,A_311,1
A_108,A_315,1
A_108,A_316,1
A_108,A_332,1
A_108,A_340,1
A_108,A_341,1
A_108,A_348,1
A_108,A_349,1
A_108,A_350,1
A_108,A_351,1
A_108,A_354,1
A_108,A_358,1
A_108,A_367,1
A_108,A_368,1
A_108,A_369,1
A_108,A_370,1
A_108,A_371,1
A_108,A_372,1
A_108,A_373,1
A_108,A_374,1
A_108,A_375,1
A_108,A_376,1
A_108,A_377,1
A_108,A_404,1
A_108,A_405,1
A_108,A_406,1
A_108,A_407,1
A_108,A_408,1
A_108,A_409,1
A_108,A_410,1
A_108,A_411,1
A_108,A_412,1
A_108,A_413,1
A_108,A_414,1
A_108,A_415,1
A_108,A_416,1
A_108,A_417,1
A_108,A_418,1
A_108,A_449,1
A_108,A_464,1
A_108,A_522,1
A_108,A_525,1
A_108,A_526,1
A_108,A_527,1
A_108,A_528,1
A_108,A_529,1
A_108,A_530,1
A_108,A_539,1
A_108,A_590,1
A_108,A_598,1
A_108,A_633,1
A_108,A_634,1
A_108,A_635,1
A_108,A_643,1
A_108,A_650,1
A_108,A_653,1
A_108,A_654,1
A_108,A_667,1
A_108,A_729,1
A_108,A_731,1
A_108,A_735,1
A_108,A_741,1
A_108,A_742,1
A_115,A_122,1
A_115,A_123,1
A_115,A_126,1
A_115,A_134,1
A_115,A_152,1
A_115,A_184,1
A_115,A_188,1
A_115,A_220,1
A_115,A_249,1
A_115,A_257,1
A_115,A_258,1
A_115,A_262,1
A_115,A_280,1
A_115,A_281,1
A_115,A_282,1
A_115,A_311,1
A_115,A_315,1
A_115,A_316,1
A_115,A_332,1
A_115,A_340,1
A_115,A_341,1
A_115,A_348,1
A_115,A_349,1
A_115,A_350,1
A_115,A_351,1
A_115,A_354,1
A_115,A_358,1
A_115,A_367,1
A_115,A_368,1
A_115,A_369,1
A_115,A_370,1
A_115,A_371,1
A_115,A_372,1
A_115,A_373,1
A_115,A_374,1
A_115,A_375,1
A_115,A_376,1
A_115,A_377,1
A_115,A_404,1
A_115,A_405,1
A_115,A_406,1
A_115,A_407,1
A_115,A_408,1
A_115,A_409,1
A_115,A_410,1
A_115,A_411,1
A_115,A_412,1
A_115,A_413,1
A_115,A_414,1
A_115,A_415,1
A_115,A_416,1
A_115,A_417,1
A_115,A_418,1
A_115,A_449,1
A_115,A_464,1
A_115,A_522,1
A_115,A_525,1
A_115,A_526,1
A_115,A_527,1
A_115,A_528,1
A_115,A_529,1
A_115,A_530,1
A_115,A_539,1
A_115,A_590,1
A_115,A_598,1
A_115,A_633,1
A_115,A_634,1
A_115,A_635,1
A_115,A_643,1
A_115,A_650,1
A_115,A_653,1
A_115,A_654,1
A_115,A_667,1
A_115,A_729,1
A_115,A_731,1
A_115,A_735,1
A_115,A_741,1
A_115,A_742,1
A_122,A_123,1
A_122,A_126,1
A_122,A_134,1
A_122,A_152,1
A_122,A_184,1
A_122,A_188,1
A_122,A_220,1
A_122,A_249,1
A_122,A_257,1
A_122,A_258,1
A_122,A_262,1
A_122,A_280,1
A_122,A_281,1
A_122,A_282,1
A_122,A_311,1
A_122,A_315,1
A_122,A_316,1
A_122,A_332,1
A_122,A_340,1
A_122,A_341,1
A_122,A_348,1
A_122,A_349,1
A_122,A_350,1
A_122,A_351,1
A_122,A_354,1
A_122,A_358,1
A_122,A_367,1
A_122,A_368,1
A_122,A_369,1
A_122,A_370,1
A_122,A_371,1
A_122,A_372,1
A_122,A_373,1
A_122,A_374,1
A_122,A_375,1
A_122,A_376,1
A_122,A_377,1
A_122,A_404,1
A_122,A_405,1
A_122,A_406,1
A_122,A_407,1
A_122,A_408,1
A_122,A_409,1
A_122,A_410,1
A_122,A_411,1
A_122,A_412,1
A_122,A_413,1
A_122,A_414,1
A_122,A_415,1
A_122,A_416,1
A_122,A_417,1
A_122,A_418,1
A_122,A_449,1
A_122,A_464,1
A_122,A_522,1
A_122,A_525,1
A_122,A_526,1
A_122,A_527,1
A_122,A_528,1
A_122,A_529,1
A_122,A_530,1
A_122,A_539,1
A_122,A_590,1
A_122,A_598,1
A_122,A_633,1
A_122,A_634,1
A_122,A_635,1
A_122,A_643,1
A_122,A_650,1
A_122,A_653,1
A_122,A_654,1
A_122,A_667,1
A_122,A_729,1
A_122,A_731,1
A_122,A_735,1
A_122,A_741,1
A_122,A_742,1
A_123,A_126,1
A_123,A_134,1
A_123,A_152,1
A_123,A_184,1
A_123,A_188,1
A_123,A_220,1
A_123,A_249,1
A_123,A_257,1
A_123,A_258,1
A_123,A_262,1
A_123,A_280,1
A_123,A_281,1
A_123,A_282,1
A_123,A_311,1
A_123,A_315,1
A_123,A_316,1
A_123,A_332,1
A_123,A_340,1
A_123,A_341,1
A_123,A_348,1
A_123,A_349,1
A_123,A_350,1
A_123,A_351,1
A_123,A_354,1
A_123,A_358,1
A_123,A_367,1
A_123,A_368,1
A_123,A_369,1
A_123,A_370,1
A_123,A_371,1
A_123,A_372,1
A_123,A_373,1
A_123,A_374,1
A_123,A_375,1
A_123,A_376,1
A_123,A_377,1
A_123,A_404,1
A_123,A_405,1
A_123,A_406,1
A_123,A_407,1
A_123,A_408,1
A_123,A_409,1
A_123,A_410,1
A_123,A_411,1
A_123,A_412,1
A_123,A_413,1
A_123,A_414,1
A_123,A_415,1
A_123,A_416,1
A_123,A_417,1
A_123,A_418,1
A_123,A_449,1
A_123,A_464,1
A_123,A_522,1
A_123,A_525,1
A_123,A_526,1
A_123,A_527,1
A_123,A_528,1
A_123,A_529,1
A_123,A_530,1
A_123,A_539,1
A_123,A_590,1
A_123,A_598,1
A_123,A_633,1
A_123,A_634,1
A_123,A_635,1
A_123,A_643,1
A_123,A_650,1
A_123,A_653,1
A_123,A_654,1
A_123,A_667,1
A_123,A_729,1
A_123,A_731,1
A_123,A_735,1
A_123,A_741,1
A_123,A_742,1
A_126,A_134,1
A_126,A_152,1
A_126,A_184,1
A_126,A_188,1
A_126,A_220,1
A_126,A_249,1
A_126,A_257,1
A_126,A_258,1
A_126,A_262,1
A_126,A_280,1
A_126,A_281,1
A_126,A_282,1
A_126,A_311,1
A_126,A_315,1
A_126,A_316,1
A_126,A_332,1
A_126,A_340,1
A_126,A_341,1
A_126,A_348,1
A_126,A_349,1
A_126,A_350,1
A_126,A_351,1
A_126,A_354,1
A_126,A_358,1
A_126,A_367,1
A_126,A_368,1
A_126,A_369,1
A_126,A_370,1
A_126,A_371,1
A_126,A_372,1
A_126,A_373,1
A_126,A_374,1
A_126,A_375,1
A_126,A_376,1
A_126,A_377,1
A_126,A_404,1
A_126,A_405,1
A_126,A_406,1
A_126,A_407,1
A_126,A_408,1
A_126,A_409,1
A_126,A_410,1
A_126,A_411,1
A_126,A_412,1
A_126,A_413,1
A_126,A_414,1
A_126,A_415,1
A_126,A_416,1
A_126,A_417,1
A_126,A_418,1
A_126,A_449,1
A_126,A_464,1
A_126,A_522,1
A_126,A_525,1
A_126,A_526,1
A_126,A_527,1
A_126,A_528,1
A_126,A_529,1
A_126,A_530,1
A_126,A_539,1
A_126,A_590,1
A_126,A_598,1
A_126,A_633,1
A_126,A_634,1
A_126,A_635,1
A_126,A_643,1
A_126,A_650,1
A_126,A_653,1
A_126,A_654,1
A_126,A_667,1
A_126,A_729,1
A_126,A_731,1
A_126,A_735,1
A_126,A_741,1
A_126,A_742,1
A_129,A_136,1
A_129,A_149,1
A_129,A_157,1
A_129,A_168,1
A_129,A_172,1
A_129,A_177,1
A_129,A_192,1
A_129,A_198,1
A_129,A_219,1
A_129,A_249,1
A_129,A_254,1
A_129,A_279,1
A_129,A_286,1
A_129,A_287,1
A_129,A_292,1
A_129,A_321,1
A_129,A_322,1
A_129,A_357,1
A_129,A_418,2
A_129,A_423,1
A_129,A_434,1
A_129,A_451,1
A_129,A_452,1
A_129,A_493,1
A_129,A_559,1
A_129,A_622,1
A_129,A_647,1
A_129,A_666,1
A_129,A_744,1
A_134,A_152,1
A_134,A_184,1
A_134,A_188,1
A_134,A_220,1
A_134,A_249,1
A_134,A_257,1
A_134,A_258,1
A_134,A_262,1
A_134,A_280,1
A_134,A_281,1
A_134,A_282,1
A_134,A_311,1
A_134,A_315,1
A_134,A_316,1
A_134,A_332,1
A_134,A_340,1
A_134,A_341,1
A_134,A_348,1
A_134,A_349,1
A_134,A_350,1
A_134,A_351,1
A_134,A_354,1
A_134,A_358,1
A_134,A_367,1
A_134,A_368,1
A_134,A_369,1
A_134,A_370,1
A_134,A_371,1
A_134,A_372,1
A_134,A_373,1
A_134,A_374,1
A_134,A_375,1
A_134,A_376,1
A_134,A_377,1
A_134,A_404,1
A_134,A_405,1
A_134,A_406,1
A_134,A_407,1
A_134,A_408,1
A_134,A_409,1
A_134,A_410,1
A_134,A_411,1
A_134,A_412,1
A_134,A_413,1
A_134,A_414,1
A_134,A_415,1
A_134,A_416,1
A_134,A_417,1
A_134,A_418,1
A_134,A_449,1
A_134,A_464,1
A_134,A_522,1
A_134,A_525,1
A_134,A_526,1
A_134,A_527,1
A_134,A_528,1
A_134,A_529,1
A_134,A_530,1
A_134,A_539,1
A_134,A_590,1
A_134,A_598,1
A_134,A_633,1
A_134,A_634,1
A_134,A_635,1
A_134,A_643,1
A_134,A_650,1
A_134,A_653,1
A_134,A_654,1
A_134,A_667,1
A_134,A_729,1
A_134,A_731,1
A_134,A_735,1
A_134,A_741,1
A_134,A_742,1
A_136,A_149,1
A_136,A_157,1
A_136,A_168,1
A_136,A_172,1
A_136,A_177,1
A_136,A_192,1
A_136,A_198,1
A_136,A_219,1
A_136,A_249,1
A_136,A_254,1
A_136,A_279,1
A_136,A_286,1
A_136,A_287,1
A_136,A_292,1
A_136,A_321,1
A_136,A_322,1
A_136,A_357,1
A_136,A_418,1
A_136,A_423,1
A_136,A_434,1
A_136,A_451,1
A_136,A_452,1
A_136,A_493,1
A_136,A_559,1
A_136,A_622,1
A_136,A_647,1
A_136,A_666,1
A_136,A_744,1
A_137,A_176,1
A_137,A_232,1
A_137,A_247,1
A_137,A_383,1
A_137,A_396,1
A_137,A_397,1
A_137,A_418,1
A_137,A_444,1
A_137,A_507,1
A_137,A_514,1
A_137,A_545,1
A_137,A_591,1
A_137,A_611,1
A_137,A_658,1
A_137,A_707,1
A_137,A_709,1
A_143,A_418,1
A_143,A_438,1
A_143,A_479,1
A_143,A_482,1
A_149,A_157,1
A_149,A_168,1
A_149,A_172,1
A_149,A_177,1
A_149,A_192,1
A_149,A_198,1
A_149,A_219,1
A_149,A_249,1
A_149,A_254,1
A_149,A_279,1
A_149,A_286,1
A_149,A_287,1
A_149,A_292,1
A_149,A_321,1
A_149,A_322,1
A_149,A_357,1
A_149,A_418,1
A_149,A_423,1
A_149,A_434,1
A_149,A_451,1
A_149,A_452,1
A_149,A_493,1
A_149,A_559,1
A_149,A_622,1
A_149,A_647,1
A_149,A_666,1
A_149,A_744,1
A_152,A_184,1
A_152,A_188,1
A_152,A_220,1
A_152,A_249,1
A_152,A_257,1
A_152,A_258,1
A_152,A_262,1
A_152,A_280,1
A_152,A_281,1
A_152,A_282,1
A_152,A_311,1
A_152,A_315,1
A_152,A_316,1
A_152,A_332,1
A_152,A_340,1
A_152,A_341,1
A_152,A_348,1
A_152,A_349,1
A_152,A_350,1
A_152,A_351,1
A_152,A_354,1
A_152,A_358,1
A_152,A_367,1
A_152,A_368,1
A_152,A_369,1
A_152,A_370,1
A_152,A_371,1
A_152,A_372,1
A_152,A_373,1
A_152,A_374,1
A_152,A_375,1
A_152,A_376,1
A_152,A_377,1
A_152,A_404,1
A_152,A_405,1
A_152,A_406,1
A_152,A_407,1
A_152,A_408,1
A_152,A_409,1
A_152,A_410,1
A_152,A_411,1
A_152,A_412,1
A_152,A_413,1
A_152,A_414,1
A_152,A_415,1
A_152,A_416,1
A_152,A_417,1
A_152,A_418,1
A_152,A_449,1
A_152,A_464,1
A_152,A_522,1
A_152,A_525,1
A_152,A_526,1
A_152,A_527,1
A_152,A_528,1
A_152,A_529,1
A_152,A_530,1
A_152,A_539,1
A_152,A_590,1
A_152,A_598,1
A_152,A_633,1
A_152,A_634,1
A_152,A_635,1
A_152,A_643,1
A_152,A_650,1
A_152,A_653,1
A_152,A_654,1
A_152,A_667,1
A_152,A_729,1
A_152,A_731,1
A_152,A_735,1
A_152,A_741,1
A_152,A_742,1
A_157,A_168,1
A_157,A_172,1
A_157,A_177,1
A_157,A_192,1
A_157,A_198,1
A_157,A_219,1
A_157,A_249,1
A_157,A_254,1
A_157,A_279,1
A_157,A_286,1
A_157,A_287,1
A_157,A_292,1
A_157,A_321,1
A_157,A_322,1
A_157,A_357,1
A_157,A_418,1
A_157,A_423,1
A_157,A_434,1
A_157,A_451,1
A_157,A_452,1
A_157,A_493,1
A_157,A_559,1
A_157,A_622,1
A_157,A_647,1
A_157,A_666,1
A_157,A_744,1
A_165,A_205,1
A_165,A_418,1
A_165,A_494,1
A_165,A_502,1
A_165,A_518,1
A_165,A_582,1
A_165,A_621,1
A_165,A_630,1
A_166,A_167,1
A_166,A_224,1
A_166,A_253,1
A_166,A_302,1
A_166,A_303,1
A_166,A_304,1
A_166,A_305,1
A_166,A_306,1
A_166,A_307,1
A_166,A_344,1
A_166,A_345,1
A_166,A_346,1
A_166,A_347,1
A_166,A_391,1
A_166,A_418,1
A_166,A_436,1
A_166,A_618,1
A_166,A_619,1
A_166,A_661,1
A_166,A_662,1
A_166,A_663,1
A_166,A_664,1
A_166,A_710,1
A_166,A_711,1
A_166,A_712,1
A_166,A_713,1
A_166,A_714,1
A_166,A_715,1
A_166,A_717,1
A_167,A_224,1
A_167,A_253,1
A_167,A_302,1
A_167,A_303,1
A_167,A_304,1
A_167,A_305,1
A_167,A_306,1
A_167,A_307,1
A_167,A_344,1
A_167,A_345,1
A_167,A_346,1
A_167,A_347,1
A_167,A_391,1
A_167,A_418,1
A_167,A_436,1
A_167,A_618,1
A_167,A_619,1
A_167,A_661,1
A_167,A_662,1
A_167,A_663,1
A_167,A_664,1
A_167,A_710,1
A_167,A_711,1
A_167,A_712,1
A_167,A_713,1
A_167,A_714,1
A_167,A_715,1
A_167,A_717,1
A_168,A_172,1
A_168,A_177,1
A_168,A_192,1
A_168,A_198,1
A_168,A_219,1
A_168,A_249,1
A_168,A_254,1
A_168,A_279,1
A_168,A_286,1
A_168,A_287,1
A_168,A_292,1
A_168,A_321,1
A_168,A_322,1
A_168,A_357,1
A_168,A_418,1
A_168,A_423,1
A_168,A_434,1
A_168,A_451,1
A_168,A_452,1
A_168,A_493,1
A_168,A_559,1
A_168,A_622,1
A_168,A_647,1
A_168,A_666,1
A_168,A_744,1
A_172,A_177,1
A_172,A_192,1
A_172,A_198,1
A_172,A_219,1
A_172,A_249,1
A_172,A_254,1
A_172,A_279,1
A_172,A_286,1
A_172,A_287,1
A_172,A_292,1
A_172,A_321,1
A_172,A_322,1
A_172,A_357,1
A_172,A_418,1
A_172,A_423,1
A_172,A_434,1
A_172,A_451,1
A_172,A_452,1
A_172,A_493,1
A_172,A_559,1
A_172,A_622,1
A_172,A_647,1
A_172,A_666,1
A_172,A_744,1
A_176,A_232,1
A_176,A_247,1
A_176,A_383,1
A_176,A_396,1
A_176,A_397,1
A_176,A_418,1
A_176,A_444,1
A_176,A_507,1
A_176,A_514,1
A_176,A_545,1
A_176,A_591,1
A_176,A_611,1
A_176,A_658,1
A_176,A_707,1
A_176,A_709,1
A_177,A_192,1
A_177,A_198,1
A_177,A_219,1
A_177,A_249,1
A_177,A_254,1
A_177,A_279,1
A_177,A_286,1
A_177,A_287,1
A_177,A_292,1
A_177,A_321,1
A_177,A_322,1
A_177,A_357,1
A_177,A_418,1
A_177,A_423,1
A_177,A_434,1
A_177,A_451,1
A_177,A_452,1
A_177,A_493,1
A_177,A_559,1
A_177,A_622,1
A_177,A_647,1
A_177,A_666,1
A_177,A_744,1
A_184,A_188,1
A_184,A_220,1
A_184,A_249,1
A_184,A_257,1
A_184,A_258,1
A_184,A_262,1
A_184,A_280,1
A_184,A_281,1
A_184,A_282,1
A_184,A_311,1
A_184,A_315,1
A_184,A_316,1
A_184,A_332,1
A_184,A_340,1
A_184,A_341,1
A_184,A_348,1
A_184,A_349,1
A_184,A_350,1
A_184,A_351,1
A_184,A_354,1
A_184,A_358,1
A_184,A_367,1
A_184,A_368,1
A_184,A_369,1
A_184,A_370,1
A_184,A_371,1
A_184,A_372,1
A_184,A_373,1
A_184,A_374,1
A_184,A_375,1
A_184,A_376,1
A_184,A_377,1
A_184,A_404,1
A_184,A_405,1
A_184,A_406,1
A_184,A_407,1
A_184,A_408,1
A_184,A_409,1
A_184,A_410,1
A_184,A_411,1
A_184,A_412,1
A_184,A_413,1
A_184,A_414,1
A_184,A_415,1
A_184,A_416,1
A_184,A_417,1
A_184,A_418,1
A_184,A_449,1
A_184,A_464,1
A_184,A_522,1
A_184,A_525,1
A_184,A_526,1
A_184,A_527,1
A_184,A_528,1
A_184,A_529,1
A_184,A_530,1
A_184,A_539,1
A_184,A_590,1
A_184,A_598,1
A_184,A_633,1
A_184,A_634,1
A_184,A_635,1
A_184,A_643,1
A_184,A_650,1
A_184,A_653,1
A_184,A_654,1
A_184,A_667,1
A_184,A_729,1
A_184,A_731,1
A_184,A_735,1
A_184,A_741,1
A_184,A_742,1
A_188,A_220,1
A_188,A_249,1
A_188,A_257,1
A_188,A_258,1
A_188,A_262,1
A_188,A_280,1
A_188,A_281,1
A_188,A_282,1
A_188,A_311,1
A_188,A_315,1
A_188,A_316,1
A_188,A_332,1
A_188,A_340,1
A_188,A_341,1
A_188,A_348,1
A_188,A_349,1
A_188,A_350,1
A_188,A_351,1
A_188,A_354,1
A_188,A_358,1
A_188,A_367,1
A_188,A_368,1
A_188,A_369,1
A_188,A_370,1
A_188,A_371,1
A_188,A_372,1
A_188,A_373,1
A_188,A_374,1
A_188,A_375,1
A_188,A_376,1
A_188,A_377,1
A_188,A_404,1
A_188,A_405,1
A_188,A_406,1
A_188,A_407,1
A_188,A_408,1
A_188,A_409,1
A_188,A_410,1
A_188,A_411,1
A_188,A_412,1
A_188,A_413,1
A_188,A_414,1
A_188,A_415,1
A_188,A_416,1
A_188,A_417,1
A_188,A_418,1
A_188,A_449,1
A_188,A_464,1
A_188,A_522,1
A_188,A_525,1
A_188,A_526,1
A_188,A_527,1
A_188,A_528,1
A_188,A_529,1
A_188,A_530,1
A_188,A_539,1
A_188,A_590,1
A_188,A_598,1
A_188,A_633,1
A_188,A_634,1
A_188,A_635,1
A_188,A_643,1
A_188,A_650,1
A_188,A_653,1
A_188,A_654,1
A_188,A_667,1
A_188,A_729,1
A_188,A_731,1
A_188,A_735,1
A_188,A_741,1
A_188,A_742,1
A_192,A_198,1
A_192,A_219,1
A_192,A_249,1
A_192,A_254,1
A_192,A_279,1
A_192,A_286,1
A_192,A_287,1
A_192,A_292,1
A_192,A_321,1
A_192,A_322,1
A_192,A_357,1
A_192,A_418,1
A_192,A_423,1
A_192,A_434,1
A_192,A_451,1
A_192,A_452,1
A_192,A_493,1
A_192,A_559,1
A_192,A_622,1
A_192,A_647,1
A_192,A_666,1
A_192,A_744,1
A_198,A_219,1
A_198,A_249,1
A_198,A_254,1
A_198,A_279,1
A_198,A_286,1
A_198,A_287,1
A_198,A_292,1
A_198,A_321,1
A_198,A_322,1
A_198,A_357,1
A_198,A_418,1
A_198,A_423,1
A_198,A_434,1
A_198,A_451,1
A_198,A_452,1
A_198,A_493,1
A_198,A_559,1
A_198,A_622,1
A_198,A_647,1
A_198,A_666,1
A_198,A_744,1
A_205,A_418,1
A_205,A_494,1
A_205,A_502,1
A_205,A_518,1
A_205,A_582,1
A_205,A_621,1
A_205,A_630,1
A_219,A_249,1
A_219,A_254,1
A_219,A_279,1
A_219,A_286,1
A_219,A_287,1
A_219,A_292,1
A_219,A_321,1
A_219,A_322,1
A_219,A_357,1
A_219,A_418,1
A_219,A_423,1
A_219,A_434,1
A_219,A_451,1
A_219,A_452,1
A_219,A_493,1
A_219,A_559,1
A_219,A_622,1
A_219,A_647,1
A_219,A_666,1
A_219,A_744,1
A_220,A_249,1
A_220,A_257,1
A_220,A_258,1
A_220,A_262,1
A_220,A_280,1
A_220,A_281,1
A_220,A_282,1
A_220,A_311,1
A_220,A_315,1
A_220,A_316,1
A_220,A_332,1
A_220,A_340,1
A_220,A_341,1
A_220,A_348,1
A_220,A_349,1
A_220,A_350,1
A_220,A_351,1
A_220,A_354,1
A_220,A_358,1
A_220,A_367,1
A_220,A_368,1
A_220,A_369,1
A_220,A_370,1
A_220,A_371,1
A_220,A_372,1
A_220,A_373,1
A_220,A_374,1
A_220,A_375,1
A_220,A_376,1
A_220,A_377,1
A_220,A_404,1
A_220,A_405,1
A_220,A_406,1
A_220,A_407,1
A_220,A_408,1
A_220,A_409,1
A_220,A_410,1
A_220,A_411,1
A_220,A_412,1
A_220,A_413,1
A_220,A_414,1
A_220,A_415,1
A_220,A_416,1
A_220,A_417,1
A_220,A_418,1
A_220,A_449,1
A_220,A_464,1
A_220,A_522,1
A_220,A_525,1
A_220,A_526,1
A_220,A_527,1
A_220,A_528,1
A_220,A_529,1
A_220,A_530,1
A_220,A_539,1
A_220,A_590,1
A_220,A_598,1
A_220,A_633,1
A_220,A_634,1
A_220,A_635,1
A_220,A_643,1
A_220,A_650,1
A_220,A_653,1
A_220,A_654,1
A_220,A_667,1
A_220,A_729,1
A_220,A_731,1
A_220,A_735,1
A_220,A_741,1
A_220,A_742,1
A_224,A_253,1
A_224,A_302,1
A_224,A_303,1
A_224,A_304,1
A_224,A_305,1
A_224,A_306,1
A_224,A_307,1
A_224,A_344,1
A_224,A_345,1
A_224,A_346,1
A_224,A_347,1
A_224,A_391,1
A_224,A_418,1
A_224,A_436,1
A_224,A_618,1
A_224,A_619,1
A_224,A_661,1
A_224,A_662,1
A_224,A_663,1
A_224,A_664,1
A_224,A_710,1
A_224,A_711,1
A_224,A_712,1
A_224,A_713,1
A_224,A_714,1
A_224,A_715,1
A_224,A_717,1
A_232,A_247,1
A_232,A_383,1
A_232,A_396,1
A_232,A_397,1
A_232,A_418,1
A_232,A_444,1
A_232,A_507,1
A_232,A_514,1
A_232,A_545,1
A_232,A_591,1
A_232,A_611,1
A_232,A_658,1
A_232,A_707,1
A_232,A_709,1
A_247,A_383,1
A_247,A_396,1
A_247,A_397,1
A_247,A_418,1
A_247,A_444,1
A_247,A_507,1
A_247,A_514,1
A_247,A_545,1
A_247,A_591,1
A_247,A_611,1
A_247,A_658,1
A_247,A_707,1
A_247,A_709,1
A_249,A_254,1
A_249,A_257,1
A_249,A_258,1
A_249,A_262,1
A_249,A_279,1
A_249,A_280,1
A_249,A_281,1
A_249,A_282,1
A_249,A_286,1
A_249,A_287,1
A_249,A_292,1
A_249,A_311,1
A_249,A_315,1
A_249,A_316,1
A_249,A_321,1
A_249,A_322,1
A_249,A_332,1
A_249,A_340,1
A_249,A_341,1
A_249,A_348,1
A_249,A_349,1
A_249,A_350,1
A_249,A_351,1
A_249,A_354,1
A_249,A_357,1
A_249,A_358,1
A_249,A_367,1
A_249,A_368,1
A_249,A_369,1
A_249,A_370,1
A_249,A_371,1
A_249,A_372,1
A_249,A_373,1
A_249,A_374,1
A_249,A_375,1
A_249,A_376,1
A_249,A_377,1
A_249,A_404,1
A_249,A_405,1
A_249,A_406,1
A_249,A_407,1
A_249,A_408,1
A_249,A_409,1
A_249,A_410,1
A_249,A_411,1
A_249,A_412,1
A_249,A_413,1
A_249,A_414,1
A_249,A_415,1
A_249,A_416,1
A_249,A_417,1
A_249,A_418,2
A_249,A_423,1
A_249,A_434,1
A_249,A_449,1
A_249,A_451,1
A_249,A_452,1
A_249,A_464,1
A_249,A_493,1
A_249,A_522,1
A_249,A_525,1
A_249,A_526,1
A_249,A_527,1
A_249,A_528,1
A_249,A_529,1
A_249,A_530,1
A_249,A_539,1
A_249,A_559,1
A_249,A_590,1
A_249,A_598,1
A_249,A_622,1
A_249,A_633,1
A_249,A_634,1
A_249,A_635,1
A_249,A_643,1
A_249,A_647,1
A_249,A_650,1
A_249,A_653,1
A_249,A_654,1
A_249,A_666,1
A_249,A_667,1
A_249,A_729,1
A_249,A_731,1
A_249,A_735,1
A_249,A_741,1
A_249,A_742,1
A_249,A_744,1
A_253,A_302,1
A_253,A_303,1
A_253,A_304,1
A_253,A_305,1
A_253,A_306,1
A_253,A_307,1
A_253,A_344,1
A_253,A_345,1
A_253,A_346,1
A_253,A_347,1
A_253,A_391,1
A_253,A_418,1
A_253,A_436,1
A_253,A_618,1
A_253,A_619,1
A_253,A_661,1
A_253,A_662,1
A_253,A_663,1
A_253,A_664,1
A_253,A_710,1
A_253,A_711,1
A_253,A_712,1
A_253,A_713,1
A_253,A_714,1
A_253,A_715,1
A_253,A_717,1
A_254,A_279,1
A_254,A_286,1
A_254,A_287,1
A_254,A_292,1
A_254,A_321,1
A_254,A_322,1
A_254,A_357,1
A_254,A_418,2
A_254,A_423,1
A_254,A_434,1
A_254,A_451,1
A_254,A_452,1
A_254,A_493,1
A_254,A_559,1
A_254,A_622,1
A_254,A_647,1
A_254,A_666,1
A_254,A_744,1
A_257,A_258,1
A_257,A_262,1
A_257,A_280,1
A_257,A_281,1
A_257,A_282,1
A_257,A_311,1
A_257,A_315,1
A_257,A_316,1
A_257,A_332,1
A_257,A_340,1
A_257,A_341,1
A_257,A_348,1
A_257,A_349,1
A_257,A_350,1
A_257,A_351,1
A_257,A_354,1
A_257,A_358,1
A_257,A_367,1
A_257,A_368,1
A_257,A_369,1
A_257,A_370,1
A_257,A_371,1
A_257,A_372,1
A_257,A_373,1
A_257,A_374,1
A_257,A_375,1
A_257,A_376,1
A_257,A_377,1
A_257,A_404,1
A_257,A_405,1
A_257,A_406,1
A_257,A_407,1
A_257,A_408,1
A_257,A_409,1
A_257,A_410,1
A_257,A_411,1
A_257,A_412,1
A_257,A_413,1
A_257,A_414,1
A_257,A_415,1
A_257,A_416,1
A_257,A_417,1
A_257,A_418,1
A_257,A_449,1
A_257,A_464,1
A_257,A_522,1
A_257,A_525,1
A_257,A_526,1
A_257,A_527,1
A_257,A_528,1
A_257,A_529,1
A_257,A_530,1
A_257,A_539,1
A_257,A_590,1
A_257,A_598,1
A_257,A_633,1
A_257,A_634,1
A_257,A_635,1
A_257,A_643,1
A_257,A_650,1
A_257,A_653,1
A_257,A_654,1
A_257,A_667,1
A_257,A_729,1
A_257,A_731,1
A_257,A_735,1
A_257,A_741,1
A_257,A_742,1
A_258,A_262,1
A_258,A_280,1
A_258,A_281,1
A_258,A_282,1
A_258,A_311,1
A_258,A_315,1
A_258,A_316,1
A_258,A_332,1
A_258,A_340,1
A_258,A_341,1
A_258,A_348,1
A_258,A_349,1
A_258,A_350,1
A_258,A_351,1
A_258,A_354,1
A_258,A_358,1
A_258,A_367,1
A_258,A_368,1
A_258,A_369,1
A_258,A_370,1
A_258,A_371,1
A_258,A_372,1
A_258,A_373,1
A_258,A_374,1
A_258,A_375,1
A_258,A_376,1
A_258,A_377,1
A_258,A_404,1
A_258,A_405,1
A_258,A_406,1
A_258,A_407,1
A_258,A_408,1
A_258,A_409,1
A_258,A_410,1
A_258,A_411,1
A_258,A_412,1
A_258,A_413,1
A_258,A_414,1
A_258,A_415,1
A_258,A_416,1
A_258,A_417,1
A_258,A_418,1
A_258,A_449,1
A_258,A_464,1
A_258,A_522,1
A_258,A_525,1
A_258,A_526,1
A_258,A_527,1
A_258,A_528,1
A_258,A_529,1
A_258,A_530,1
A_258,A_539,1
A_258,A_590,1
A_258,A_598,1
A_258,A_633,1
A_258,A_634,1
A_258,A_635,1
A_258,A_643,1
A_258,A_650,1
A_258,A_653,1
A_258,A_654,1
A_258,A_667,1
A_258,A_729,1
A_258,A_731,1
A_258,A_735,1
A_258,A_741,1
A_258,A_742,1
A_262,A_280,1
A_262,A_281,1
A_262,A_282,1
A_262,A_311,1
A_262,A_315,1
A_262,A_316,1
A_262,A_332,1
A_262,A_340,1
A_262,A_341,1
A_262,A_348,1
A_262,A_349,1
A_262,A_350,1
A_262,A_351,1
A_262,A_354,1
A_262,A_358,1
A_262,A_367,1
A_262,A_368,1
A_262,A_369,1
A_262,A_370,1
A_262,A_371,1
A_262,A_372,1
A_262,A_373,1
A_262,A_374,1
A_262,A_375,1
A_262,A_376,1
A_262,A_377,1
A_262,A_404,1
A_262,A_405,1
A_262,A_406,1
A_262,A_407,1
A_262,A_408,1
A_262,A_409,1
A_262,A_410,1
A_262,A_411,1
A_262,A_412,1
A_262,A_413,1
A_262,A_414,1
A_262,A_415,1
A_262,A_416,1
A_262,A_417,1
A_262,A_418,1
A_262,A_449,1
A_262,A_464,1
A_262,A_522,1
A_262,A_525,1
A_262,A_526,1
A_262,A_527,1
A_262,A_528,1
A_262,A_529,1
A_262,A_530,1
A_262,A_539,1
A_262,A_590,1
A_262,A_598,1
A_262,A_633,1
A_262,A_634,1
A_262,A_635,1
A_262,A_643,1
A_262,A_650,1
A_262,A_653,1
A_262,A_654,1
A_262,A_667,1
A_262,A_729,1
A_262,A_731,1
A_262,A_735,1
A_262,A_741,1
A_262,A_742,1
A_279,A_286,1
A_279,A_287,1
A_279,A_292,1
A_279,A_321,1
A_279,A_322,1
A_279,A_357,1
A_279,A_418,1
A_279,A_423,1
A_279,A_434,1
A_279,A_451,1
A_279,A_452,1
A_279,A_493,1
A_279,A_559,1
A_279,A_622,1
A_279,A_647,1
A_279,A_666,1
A_279,A_744,1
A_280,A_281,1
A_280,A_282,1
A_280,A_311,1
A_280,A_315,1
A_280,A_316,1
A_280,A_332,1
A_280,A_340,1
A_280,A_341,1
A_280,A_348,1
A_280,A_349,1
A_280,A_350,1
A_280,A_351,1
A_280,A_354,1
A_280,A_358,1
A_280,A_367,1
A_280,A_368,1
A_280,A_369,1
A_280,A_370,1
A_280,A_371,1
A_280,A_372,1
A_280,A_373,1
A_280,A_374,1
A_280,A_375,1
A_280,A_376,1
A_280,A_377,1
A_280,A_404,1
A_280,A_405,1
A_280,A_406,1
A_280,A_407,1
A_280,A_408,1
A_280,A_409,1
A_280,A_410,1
A_280,A_411,1
A_280,A_412,1
A_280,A_413,1
A_280,A_414,1
A_280,A_415,1
A_280,A_416,1
A_280,A_417,1
A_280,A_418,1
A_280,A_449,1
A_280,A_464,1
A_280,A_522,1
A_280,A_525,1
A_280,A_526,1
A_280,A_527,1
A_280,A_528,1
A_280,A_529,1
A_280,A_530,1
A_280,A_539,1
A_280,A_590,1
A_280,A_598,1
A_280,A_633,1
A_280,A_634,1
A_280,A_635,1
A_280,A_643,1
A_280,A_650,1
A_280,A_653,1
A_280,A_654,1
A_280,A_667,1
A_280,A_729,1
A_280,A_731,1
A_280,A_735,1
A_280,A_741,1
A_280,A_742,1
A_281,A_282,1
A_281,A_311,1
A_281,A_315,1
A_281,A_316,1
A_281,A_332,1
A_281,A_340,1
A_281,A_341,1
A_281,A_348,1
A_281,A_349,1
A_281,A_350,1
A_281,A_351,1
A_281,A_354,1
A_281,A_358,1
A_281,A_367,1
A_281,A_368,1
A_281,A_369,1
A_281,A_370,1
A_281,A_371,1
A_281,A_372,1
A_281,A_373,1
A_281,A_374,1
A_281,A_375,1
A_281,A_376,1
A_281,A_377,1
A_281,A_404,1
A_281,A_405,1
A_281,A_406,1
A_281,A_407,1
A_281,A_408,1
A_281,A_409,1
A_281,A_410,1
A_281,A_411,1
A_281,A_412,1
A_281,A_413,1
A_281,A_414,1
A_281,A_415,1
A_281,A_416,1
A_281,A_417,1
A_281,A_418,1
A_281,A_449,1
A_281,A_464,1
A_281,A_522,1
A_281,A_525,1
A_281,A_526,1
A_281,A_527,1
A_281,A_528,1
A_281,A_529,1
A_281,A_530,1
A_281,A_539,1
A_281,A_590,1
A_281,A_598,1
A_281,A_633,1
A_281,A_634,1
A_281,A_635,1
A_281,A_643,1
A_281,A_650,1
A_281,A_653,1
A_281,A_654,1
A_281,A_667,1
A_281,A_729,1
A_281,A_731,1
A_281,A_735,1
A_281,A_741,1
A_281,A_742,1
A_282,A_311,1
A_282,A_315,1
A_282,A_316,1
A_282,A_332,1
A_282,A_340,1
A_282,A_341,1
A_282,A_348,1
A_282,A_349,1
A_282,A_350,1
A_282,A_351,1
A_282,A_354,1
A_282,A_358,1
A_282,A_367,1
A_282,A_368,1
A_282,A_369,1
A_282,A_370,1
A_282,A_371,1
A_282,A_372,1
A_282,A_373,1
A_282,A_374,1
A_282,A_375,1
A_282,A_376,1
A_282,A_377,1
A_282,A_404,1
A_282,A_405,1
A_282,A_406,1
A_282,A_407,1
A_282,A_408,1
A_282,A_409,1
A_282,A_410,1
A_282,A_411,1
A_282,A_412,1
A_282,A_413,1
A_282,A_414,1
A_282,A_415,1
A_282,A_416,1
A_282,A_417,1
A_282,A_418,1
A_282,A_449,1
A_282,A_464,1
A_282,A_522,1
A_282,A_525,1
A_282,A_526,1
A_282,A_527,1
A_282,A_528,1
A_282,A_529,1
A_282,A_530,1
A_282,A_539,1
A_282,A_590,1
A_282,A_598,1
A_282,A_633,1
A_282,A_634,1
A_282,A_635,1
A_282,A_643,1
A_282,A_650,1
A_282,A_653,1
A_282,A_654,1
A_282,A_667,1
A_282,A_729,1
A_282,A_731,1
A_282,A_735,1
A_282,A_741,1
A_282,A_742,1
A_286,A_287,1
A_286,A_292,1
A_286,A_321,1
A_286,A_322,1
A_286,A_357,1
A_286,A_418,1
A_286,A_423,1
A_286,A_434,1
A_286,A_451,1
A_286,A_452,1
A_286,A_493,1
A_286,A_559,1
A_286,A_622,1
A_286,A_647,1
A_286,A_666,1
A_286,A_744,1
A_287,A_292,1
A_287,A_321,1
A_287,A_322,1
A_287,A_357,1
A_287,A_418,1
A_287,A_423,1
A_287,A_434,1
A_287,A_451,1
A_287,A_452,1
A_287,A_493,1
A_287,A_559,1
A_287,A_622,1
A_287,A_647,1
A_287,A_666,1
A_287,A_744,1
A_292,A_321,1
A_292,A_322,1
A_292,A_357,1
A_292,A_418,1
A_292,A_423,1
A_292,A_434,1
A_292,A_451,1
A_292,A_452,1
A_292,A_493,1
A_292,A_559,1
A_292,A_622,1
A_292,A_647,1
A_292,A_666,1
A_292,A_744,1
A_302,A_303,1
A_302,A_304,1
A_302,A_305,1
A_302,A_306,1
A_302,A_307,1
A_302,A_344,1
A_302,A_345,1
A_302,A_346,1
A_302,A_347,1
A_302,A_391,1
A_302,A_418,1
A_302,A_436,1
A_302,A_618,1
A_302,A_619,1
A_302,A_661,1
A_302,A_662,1
A_302,A_663,1
A_302,A_664,1
A_302,A_710,1
A_302,A_711,1
A_302,A_712,1
A_302,A_713,1
A_302,A_714,1
A_302,A_715,1
A_302,A_717,1
A_303,A_304,1
A_303,A_305,1
A_303,A_306,1
A_303,A_307,1
A_303,A_344,1
A_303,A_345,1
A_303,A_346,1
A_303,A_347,1
A_303,A_391,1
A_303,A_418,1
A_303,A_436,1
A_303,A_618,1
A_303,A_619,1
A_303,A_661,1
A_303,A_662,1
A_303,A_663,1
A_303,A_664,1
A_303,A_710,1
A_303,A_711,1
A_303,A_712,1
A_303,A_713,1
A_303,A_714,1
A_303,A_715,1
A_303,A_717,1
A_304,A_305,1
A_304,A_306,1
A_304,A_307,1
A_304,A_344,1
A_304,A_345,1
A_304,A_346,1
A_304,A_347,1
A_304,A_391,1
A_304,A_418,1
A_304,A_436,1
A_304,A_618,1
A_304,A_619,1
A_304,A_661,1
A_304,A_662,1
A_304,A_663,1
A_304,A_664,1
A_304,A_710,1
A_304,A_711,1
A_304,A_712,1
A_304,A_713,1
A_304,A_714,1
A_304,A_715,1
A_304,A_717,1
A_305,A_306,1
A_305,A_307,1
A_305,A_344,1
A_305,A_345,1
A_305,A_346,1
A_305,A_347,1
A_305,A_391,1
A_305,A_418,1
A_305,A_436,1
A_305,A_618,1
A_305,A_619,1
A_305,A_661,1
A_305,A_662,1
A_305,A_663,1
A_305,A_664,1
A_305,A_710,1
A_305,A_711,1
A_305,A_712,1
A_305,A_713,1
A_305,A_714,1
A_305,A_715,1
A_305,A_717,1
A_306,A_307,1
A_306,A_344,1
A_306,A_345,1
A_306,A_346,1
A_306,A_347,1
A_306,A_391,1
A_306,A_418,1
A_306,A_436,1
A_306,A_618,1
A_306,A_619,1
A_306,A_661,1
A_306,A_662,1
A_306,A_663,1
A_306,A_664,1
A_306,A_710,1
A_306,A_711,1
A_306,A_712,1
A_306,A_713,1
A_306,A_714,1
A_306,A_715,1
A_306,A_717,1
A_307,A_344,1
A_307,A_345,1
A_307,A_346,1
A_307,A_347,1
A_307,A_391,1
A_307,A_418,1
A_307,A_436,1
A_307,A_618,1
A_307,A_619,1
A_307,A_661,1
A_307,A_662,1
A_307,A_663,1
A_307,A_664,1
A_307,A_710,1
A_307,A_711,1
A_307,A_712,1
A_307,A_713,1
A_307,A_714,1
A_307,A_715,1
A_307,A_717,1
A_311,A_315,1
A_311,A_316,1
A_311,A_332,1
A_311,A_340,1
A_311,A_341,1
A_311,A_348,1
A_311,A_349,1
A_311,A_350,1
A_311,A_351,1
A_311,A_354,1
A_311,A_358,1
A_311,A_367,1
A_311,A_368,1
A_311,A_369,1
A_311,A_370,1
A_311,A_371,1
A_311,A_372,1
A_311,A_373,1
A_311,A_374,1
A_311,A_375,1
A_311,A_376,1
A_311,A_377,1
A_311,A_404,1
A_311,A_405,1
A_311,A_406,1
A_311,A_407,1
A_311,A_408,1
A_311,A_409,1
A_311,A_410,1
A_311,A_411,1
A_311,A_412,1
A_311,A_413,1
A_311,A_414,1
A_311,A_415,1
A_311,A_416,1
A_311,A_417,1
A_311,A_418,1
A_311,A_449,1
A_311,A_464,1
A_311,A_522,1
A_311,A_525,1
A_311,A_526,1
A_311,A_527,1
A_311,A_528,1
A_311,A_529,1
A_311,A_530,1
A_311,A_539,1
A_311,A_590,1
A_311,A_598,1
A_311,A_633,1
A_311,A_634,1
A_311,A_635,1
A_311,A_643,1
A_311,A_650,1
A_311,A_653,1
A_311,A_654,1
A_311,A_667,1
A_311,A_729,1
A_311,A_731,1
A_311,A_735,1
A_311,A_741,1
A_311,A_742,1
A_315,A_316,1
A_315,A_332,1
A_315,A_340,1
A_315,A_341,1
A_315,A_348,1
A_315,A_349,1
A_315,A_350,1
A_315,A_351,1
A_315,A_354,1
A_315,A_358,1
A_315,A_367,1
A_315,A_368,1
A_315,A_369,1
A_315,A_370,1
A_315,A_371,1
A_315,A_372,1
A_315,A_373,1
A_315,A_374,1
A_315,A_375,1
A_315,A_376,1
A_315,A_377,1
A_315,A_404,1
A_315,A_405,1
A_315,A_406,1
A_315,A_407,1
A_315,A_408,1
A_315,A_409,1
A_315,A_410,1
A_315,A_411,1
A_315,A_412,1
A_315,A_413,1
A_315,A_414,1
A_315,A_415,1
A_315,A_416,1
A_315,A_417,1
A_315,A_418,1
A_315,A_449,1
A_315,A_464,1
A_315,A_522,1
A_315,A_525,1
A_315,A_526,1
A_315,A_527,1
A_315,A_528,1
A_315,A_529,1
A_315,A_530,1
A_315,A_539,1
A_315,A_590,1
A_315,A_598,1
A_315,A_633,1
A_315,A_634,1
A_315,A_635,1
A_315,A_643,1
A_315,A_650,1
A_315,A_653,1
A_315,A_654,1
A_315,A_667,1
A_315,A_729,1
A_315,A_731,1
A_315,A_735,1
A_315,A_741,1
A_315,A_742,1
A_316,A_332,1
A_316,A_340,1
A_316,A_341,1
A_316,A_348,1
A_316,A_349,1
A_316,A_350,1
A_316,A_351,1
A_316,A_354,1
A_316,A_358,1
A_316,A_367,1
A_316,A_368,1
A_316,A_369,1
A_316,A_370,1
A_316,A_371,1
A_316,A_372,1
A_316,A_373,1
A_316,A_374,1
A_316,A_375,1
A_316,A_376,1
A_316,A_377,1
A_316,A_404,1
A_316,A_405,1
A_316,A_406,1
A_316,A_407,1
A_316,A_408,1
A_316,A_409,1
A_316,A_410,1
A_316,A_411,1
A_316,A_412,1
A_316,A_413,1
A_316,A_414,1
A_316,A_415,1
A_316,A_416,1
A_316,A_417,1
A_316,A_418,1
A_316,A_449,1
A_316,A_464,1
A_316,A_522,1
A_316,A_525,1
A_316,A_526,1
A_316,A_527,1
A_316,A_528,1
A_316,A_529,1
A_316,A_530,1
A_316,A_539,1
A_316,A_590,1
A_316,A_598,1
A_316,A_633,1
A_316,A_634,1
A_316,A_635,1
A_316,A_643,1
A_316,A_650,1
A_316,A_653,1
A_316,A_654,1
A_316,A_667,1
A_316,A_729,1
A_316,A_731,1
A_316,A_735,1
A_316,A_741,1
A_316,A_742,1
A_321,A_322,1
A_321,A_357,1
A_321,A_418,1
A_321,A_423,1
A_321,A_434,1
A_321,A_451,1
A_321,A_452,1
A_321,A_493,1
A_321,A_559,1
A_321,A_622,1
A_321,A_647,1
A_321,A_666,1
A_321,A_744,1
A_322,A_357,1
A_322,A_418,1
A_322,A_423,1
A_322,A_434,1
A_322,A_451,1
A_322,A_452,1
A_322,A_493,1
A_322,A_559,1
A_322,A_622,1
A_322,A_647,1
A_322,A_666,1
A_322,A_744,1
A_332,A_340,1
A_332,A_341,1
A_332,A_348,1
A_332,A_349,1
A_332,A_350,1
A_332,A_351,1
A_332,A_354,1
A_332,A_358,1
A_332,A_367,1
A_332,A_368,1
A_332,A_369,1
A_332,A_370,1
A_332,A_371,1
A_332,A_372,1
A_332,A_373,1
A_332,A_374,1
A_332,A_375,1
A_332,A_376,1
A_332,A_377,1
A_332,A_404,1
A_332,A_405,1
A_332,A_406,1
A_332,A_407,1
A_332,A_408,1
A_332,A_409,1
A_332,A_410,1
A_332,A_411,1
A_332,A_412,1
A_332,A_413,1
A_332,A_414,1
A_332,A_415,1
A_332,A_416,1
A_332,A_417,1
A_332,A_418,1
A_332,A_449,1
A_332,A_464,1
A_332,A_522,1
A_332,A_525,1
A_332,A_526,1
A_332,A_527,1
A_332,A_528,1
A_332,A_529,1
A_332,A_530,1
A_332,A_539,1
A_332,A_590,1
A_332,A_598,1
A_332,A_633,1
A_332,A_634,1
A_332,A_635,1
A_332,A_643,1
A_332,A_650,1
A_332,A_653,1
A_332,A_654,1
A_332,A_667,1
A_332,A_729,1
A_332,A_731,1
A_332,A_735,1
A_332,A_741,1
A_332,A_742,1
A_340,A_341,1
A_340,A_348,1
A_340,A_349,1
A_340,A_350,1
A_340,A_351,1
A_340,A_354,1
A_340,A_358,1
A_340,A_367,1
A_340,A_368,1
A_340,A_369,1
A_340,A_370,1
A_340,A_371,1
A_340,A_372,1
A_340,A_373,1
A_340,A_374,1
A_340,A_375,1
A_340,A_376,1
A_340,A_377,1
A_340,A_404,1
A_340,A_405,1
A_340,A_406,1
A_340,A_407,1
A_340,A_408,1
A_340,A_409,1
A_340,A_410,1
A_340,A_411,1
A_340,A_412,1
A_340,A_413,1
A_340,A_414,1
A_340,A_415,1
A_340,A_416,1
A_340,A_417,1
A_340,A_418,1
A_340,A_449,1
A_340,A_464,1
A_340,A_522,1
A_340,A_525,1
A_340,A_526,1
A_340,A_527,1
A_340,A_528,1
A_340,A_529,1
A_340,A_530,1
A_340,A_539,1
A_340,A_590,1
A_340,A_598,1
A_340,A_633,1
A_340,A_634,1
A_340,A_635,1
A_340,A_643,1
A_340,A_650,1
A_340,A_653,1
A_340,A_654,1
A_340,A_667,1
A_340,A_729,1
A_340,A_731,1
A_340,A_735,1
A_340,A_741,1
A_340,A_742,1
A_341,A_348,1
A_341,A_349,1
A_341,A_350,1
A_341,A_351,1
A_341,A_354,1
A_341,A_358,1
A_341,A_367,1
A_341,A_368,1
A_341,A_369,1
A_341,A_370,1
A_341,A_371,1
A_341,A_372,1
A_341,A_373,1
A_341,A_374,1
A_341,A_375,1
A_341,A_376,1
A_341,A_377,1
A_341,A_404,1
A_341,A_405,1
A_341,A_406,1
A_341,A_407,1
A_341,A_408,1
A_341,A_409,1
A_341,A_410,1
A_341,A_411,1
A_341,A_412,1
A_341,A_413,1
A_341,A_414,1
A_341,A_415,1
A_341,A_416,1
A_341,A_417,1
A_341,A_418,1
A_341,A_449,1
A_341,A_464,1
A_341,A_522,1
A_341,A_525,1
A_341,A_526,1
A_341,A_527,1
A_341,A_528,1
A_341,A_529,1
A_341,A_530,1
A_341,A_539,1
A_341,A_590,1
A_341,A_598,1
A_341,A_633,1
A_341,A_634,1
A_341,A_635,1
A_341,A_643,1
A_341,A_650,1
A_341,A_653,1
A_341,A_654,1
A_341,A_667,1
A_341,A_729,1
A_341,A_731,1
A_341,A_735,1
A_341,A_741,1
A_341,A_742,1
A_344,A_345,1
A_344,A_346,1
A_344,A_347,1
A_344,A_391,1
A_344,A_418,1
A_344,A_436,1
A_344,A_618,1
A_344,A_619,1
A_344,A_661,1
A_344,A_662,1
A_344,A_663,1
A_344,A_664,1
A_344,A_710,1
A_344,A_711,1
A_344,A_712,1
A_344,A_713,1
A_344,A_714,1
A_344,A_715,1
A_344,A_717,1
A_345,A_346,1
A_345,A_347,1
A_345,A_391,1
A_345,A_418,1
A_345,A_436,1
A_345,A_618,1
A_345,A_619,1
A_345,A_661,1
A_345,A_662,1
A_345,A_663,1
A_345,A_664,1
A_345,A_710,1
A_345,A_711,1
A_345,A_712,1
A_345,A_713,1
A_345,A_714,1
A_345,A_715,1
A_345,A_717,1
A_346,A_347,1
A_346,A_391,1
A_346,A_418,1
A_346,A_436,1
A_346,A_618,1
A_346,A_619,1
A_346,A_661,1
A_346,A_662,1
A_346,A_663,1
A_346,A_664,1
A_346,A_710,1
A_346,A_711,1
A_346,A_712,1
A_346,A_713,1
A_346,A_714,1
A_346,A_715,1
A_346,A_717,1
A_347,A_391,1
A_347,A_418,1
A_347,A_436,1
A_347,A_618,1
A_347,A_619,1
A_347,A_661,1
A_347,A_662,1
A_347,A_663,1
A_347,A_664,1
A_347,A_710,1
A_347,A_711,1
A_347,A_712,1
A_347,A_713,1
A_347,A_714,1
A_347,A_715,1
A_347,A_717,1
A_348,A_349,1
A_348,A_350,1
A_348,A_351,1
A_348,A_354,1
A_348,A_358,1
A_348,A_367,1
A_348,A_368,1
A_348,A_369,1
A_348,A_370,1
A_348,A_371,1
A_348,A_372,1
A_348,A_373,1
A_348,A_374,1
A_348,A_375,1
A_348,A_376,1
A_348,A_377,1
A_348,A_404,1
A_348,A_405,1
A_348,A_406,1
A_348,A_407,1
A_348,A_408,1
A_348,A_409,1
A_348,A_410,1
A_348,A_411,1
A_348,A_412,1
A_348,A_413,1
A_348,A_414,1
A_348,A_415,1
A_348,A_416,1
A_348,A_417,1
A_348,A_418,1
A_348,A_449,1
A_348,A_464,1
A_348,A_522,1
A_348,A_525,1
A_348,A_526,1
A_348,A_527,1
A_348,A_528,1
A_348,A_529,1
A_348,A_530,1
A_348,A_539,1
A_348,A_590,1
A_348,A_598,1
A_348,A_633,1
A_348,A_634,1
A_348,A_635,1
A_348,A_643,1
A_348,A_650,1
A_348,A_653,1
A_348,A_654,1
A_348,A_667,1
A_348,A_729,1
A_348,A_731,1
A_348,A_735,1
A_348,A_741,1
A_348,A_742,1
A_349,A_350,1
A_349,A_351,1
A_349,A_354,1
A_349,A_358,1
A_349,A_367,1
A_349,A_368,1
A_349,A_369,1
A_349,A_370,1
A_349,A_371,1
A_349,A_372,1
A_349,A_373,1
A_349,A_374,1
A_349,A_375,1
A_349,A_376,1
A_349,A_377,1
A_349,A_404,1
A_349,A_405,1
A_349,A_406,1
A_349,A_407,1
A_349,A_408,1
A_349,A_409,1
A_349,A_410,1
A_349,A_411,1
A_349,A_412,1
A_349,A_413,1
A_349,A_414,1
A_349,A_415,1
A_349,A_416,1
A_349,A_417,1
A_349,A_418,1
A_349,A_449,1
A_349,A_464,1
A_349,A_522,1
A_349,A_525,1
A_349,A_526,1
A_349,A_527,1
A_349,A_528,1
A_349,A_529,1
A_349,A_530,1
A_349,A_539,1
A_349,A_590,1
A_349,A_598,1
A_349,A_633,1
A_349,A_634,1
A_349,A_635,1
A_349,A_643,1
A_349,A_650,1
A_349,A_653,1
A_349,A_654,1
A_349,A_667,1
A_349,A_729,1
A_349,A_731,1
A_349,A_735,1
A_349,A_741,1
A_349,A_742,1
A_350,A_351,1
A_350,A_354,1
A_350,A_358,1
A_350,A_367,1
A_350,A_368,1
A_350,A_369,1
A_350,A_370,1
A_350,A_371,1
A_350,A_372,1
A_350,A_373,1
A_350,A_374,1
A_350,A_375,1
A_350,A_376,1
A_350,A_377,1
A_350,A_404,1
A_350,A_405,1
A_350,A_406,1
A_350,A_407,1
A_350,A_408,1
A_350,A_409,1
A_350,A_410,1
A_350,A_411,1
A_350,A_412,1
A_350,A_413,1
A_350,A_414,1
A_350,A_415,1
A_350,A_416,1
A_350,A_417,1
A_350,A_418,1
A_350,A_449,1
A_350,A_464,1
A_350,A_522,1
A_350,A_525,1
A_350,A_526,1
A_350,A_527,1
A_350,A_528,1
A_350,A_529,1
A_350,A_530,1
A_350,A_539,1
A_350,A_590,1
A_350,A_598,1
A_350,A_633,1
A_350,A_634,1
A_350,A_635,1
A_350,A_643,1
A_350,A_650,1
A_350,A_653,1
A_350,A_654,1
A_350,A_667,1
A_350,A_729,1
A_350,A_731,1
A_350,A_735,1
A_350,A_741,1
A_350,A_742,1
A_351,A_354,1
A_351,A_358,1
A_351,A_367,1
A_351,A_368,1
A_351,A_369,1
A_351,A_370,1
A_351,A_371,1
A_351,A_372,1
A_351,A_373,1
A_351,A_374,1
A_351,A_375,1
A_351,A_376,1
A_351,A_377,1
A_351,A_404,1
A_351,A_405,1
A_351,A_406,1
A_351,A_407,1
A_351,A_408,1
A_351,A_409,1
A_351,A_410,1
A_351,A_411,1
A_351,A_412,1
A_351,A_413,1
A_351,A_414,1
A_351,A_415,1
A_351,A_416,1
A_351,A_417,1
A_351,A_418,1
A_351,A_449,1
A_351,A_464,1
A_351,A_522,1
A_351,A_525,1
A_351,A_526,1
A_351,A_527,1
A_351,A_528,1
A_351,A_529,1
A_351,A_530,1
A_351,A_539,1
A_351,A_590,1
A_351,A_598,1
A_351,A_633,1
A_351,A_634,1
A_351,A_635,1
A_351,A_643,1
A_351,A_650,1
A_351,A_653,1
A_351,A_654,1
A_351,A_667,1
A_351,A_729,1
A_351,A_731,1
A_351,A_735,1
A_351,A_741,1
A_351,A_742,1
A_354,A_358,1
A_354,A_367,1
A_354,A_368,1
A_354,A_369,1
A_354,A_370,1
A_354,A_371,1
A_354,A_372,1
A_354,A_373,1
A_354,A_374,1
A_354,A_375,1
A_354,A_376,1
A_354,A_377,1
A_354,A_404,1
A_354,A_405,1
A_354,A_406,1
A_354,A_407,1
A_354,A_408,1
A_354,A_409,1
A_354,A_410,1
A_354,A_411,1
A_354,A_412,1
A_354,A_413,1
A_354,A_414,1
A_354,A_415,1
A_354,A_416,1
A_354,A_417,1
A_354,A_418,1
A_354,A_449,1
A_354,A_464,1
A_354,A_522,1
A_354,A_525,1
A_354,A_526,1
A_354,A_527,1
A_354,A_528,1
A_354,A_529,1
A_354,A_530,1
A_354,A_539,1
A_354,A_590,1
A_354,A_598,1
A_354,A_633,1
A_354,A_634,1
A_354,A_635,1
A_354,A_643,1
A_354,A_650,1
A_354,A_653,1
A_354,A_654,1
A_354,A_667,1
A_354,A_729,1
A_354,A_731,1
A_354,A_735,1
A_354,A_741,1
A_354,A_742,1
A_357,A_418,1
A_357,A_423,1
A_357,A_434,1
A_357,A_451,1
A_357,A_452,1
A_357,A_493,1
A_357,A_559,1
A_357,A_622,1
A_357,A_647,1
A_357,A_666,1
A_357,A_744,1
A_358,A_367,1
A_358,A_368,1
A_358,A_369,1
A_358,A_370,1
A_358,A_371,1
A_358,A_372,1
A_358,A_373,1
A_358,A_374,1
A_358,A_375,1
A_358,A_376,1
A_358,A_377,1
A_358,A_404,1
A_358,A_405,1
A_358,A_406,1
A_358,A_407,1
A_358,A_408,1
A_358,A_409,1
A_358,A_410,1
A_358,A_411,1
A_358,A_412,1
A_358,A_413,1
A_358,A_414,1
A_358,A_415,1
A_358,A_416,1
A_358,A_417,1
A_358,A_418,1
A_358,A_449,1
A_358,A_464,1
A_358,A_522,1
A_358,A_525,1
A_358,A_526,1
A_358,A_527,1
A_358,A_528,1
A_358,A_529,1
A_358,A_530,1
A_358,A_539,1
A_358,A_590,1
A_358,A_598,1
A_358,A_633,1
A_358,A_634,1
A_358,A_635,1
A_358,A_643,1
A_358,A_650,1
A_358,A_653,1
A_358,A_654,1
A_358,A_667,1
A_358,A_729,1
A_358,A_731,1
A_358,A_735,1
A_358,A_741,1
A_358,A_742,1
A_367,A_368,1
A_367,A_369,1
A_367,A_370,1
A_367,A_371,1
A_367,A_372,1
A_367,A_373,1
A_367,A_374,1
A_367,A_375,1
A_367,A_376,1
A_367,A_377,1
A_367,A_404,1
A_367,A_405,1
A_367,A_406,1
A_367,A_407,1
A_367,A_408,1
A_367,A_409,1
A_367,A_410,1
A_367,A_411,1
A_367,A_412,1
A_367,A_413,1
A_367,A_414,1
A_367,A_415,1
A_367,A_416,1
A_367,A_417,1
A_367,A_418,1
A_367,A_449,1
A_367,A_464,1
A_367,A_522,1
A_367,A_525,1
A_367,A_526,1
A_367,A_527,1
A_367,A_528,1
A_367,A_529,1
A_367,A_530,1
A_367,A_539,1
A_367,A_590,1
A_367,A_598,1
A_367,A_633,1
A_367,A_634,1
A_367,A_635,1
A_367,A_643,1
A_367,A_650,1
A_367,A_653,1
A_367,A_654,1
A_367,A_667,1
A_367,A_729,1
A_367,A_731,1
A_367,A_735,1
A_367,A_741,1
A_367,A_742,1
A_368,A_369,1
A_368,A_370,1
A_368,A_371,1
A_368,A_372,1
A_368,A_373,1
A_368,A_374,1
A_368,A_375,1
A_368,A_376,1
A_368,A_377,1
A_368,A_404,1
A_368,A_405,1
A_368,A_406,1
A_368,A_407,1
A_368,A_408,1
A_368,A_409,1
A_368,A_410,1
A_368,A_411,1
A_368,A_412,1
A_368,A_413,1
A_368,A_414,1
A_368,A_415,1
A_368,A_416,1
A_368,A_417,1
A_368,A_418,1
A_368,A_449,1
A_368,A_464,1
A_368,A_522,1
A_368,A_525,1
A_368,A_526,1
A_368,A_527,1
A_368,A_528,1
A_368,A_529,1
A_368,A_530,1
A_368,A_539,1
A_368,A_590,1
A_368,A_598,1
A_368,A_633,1
A_368,A_634,1
A_368,A_635,1
A_368,A_643,1
A_368,A_650,1
A_368,A_653,1
A_368,A_654,1
A_368,A_667,1
A_368,A_729,1
A_368,A_731,1
A_368,A_735,1
A_368,A_741,1
A_368,A_742,1
A_369,A_370,1
A_369,A_371,1
A_369,A_372,1
A_369,A_373,1
A_369,A_374,1
A_369,A_375,1
A_369,A_376,1
A_369,A_377,1
A_369,A_404,1
A_369,A_405,1
A_369,A_406,1
A_369,A_407,1
A_369,A_408,1
A_369,A_409,1
A_369,A_410,1
A_369,A_411,1
A_369,A_412,1
A_369,A_413,1
A_369,A_414,1
A_369,A_415,1
A_369,A_416,1
A_369,A_417,1
A_369,A_418,1
A_369,A_449,1
A_369,A_464,1
A_369,A_522,1
A_369,A_525,1
A_369,A_526,1
A_369,A_527,1
A_369,A_528,1
A_369,A_529,1
A_369,A_530,1
A_369,A_539,1
A_369,A_590,1
A_369,A_598,1
A_369,A_633,1
A_369,A_634,1
A_369,A_635,1
A_369,A_643,1
A_369,A_650,1
A_369,A_653,1
A_369,A_654,1
A_369,A_667,1
A_369,A_729,1
A_369,A_731,1
A_369,A_735,1
A_369,A_741,1
A_369,A_742,1
A_370,A_371,1
A_370,A_372,1
A_370,A_373,1
A_370,A_374,1
A_370,A_375,1
A_370,A_376,1
A_370,A_377,1
A_370,A_404,1
A_370,A_405,1
A_370,A_406,1
A_370,A_407,1
A_370,A_408,1
A_370,A_409,1
A_370,A_410,1
A_370,A_411,1
A_370,A_412,1
A_370,A_413,1
A_370,A_414,1
A_370,A_415,1
A_370,A_416,1
A_370,A_417,1
A_370,A_418,1
A_370,A_449,1
A_370,A_464,1
A_370,A_522,1
A_370,A_525,1
A_370,A_526,1
A_370,A_527,1
A_370,A_528,1
A_370,A_529,1
A_370,A_530,1
A_370,A_539,1
A_370,A_590,1
A_370,A_598,1
A_370,A_633,1
A_370,A_634,1
A_370,A_635,1
A_370,A_643,1
A_370,A_650,1
A_370,A_653,1
A_370,A_654,1
A_370,A_667,1
A_370,A_729,1
A_370,A_731,1
A_370,A_735,1
A_370,A_741,1
A_370,A_742,1
A_371,A_372,1
A_371,A_373,1
A_371,A_374,1
A_371,A_375,1
A_371,A_376,1
A_371,A_377,1
A_371,A_404,1
A_371,A_405,1
A_371,A_406,1
A_371,A_407,1
A_371,A_408,1
A_371,A_409,1
A_371,A_410,1
A_371,A_411,1
A_371,A_412,1
A_371,A_413,1
A_371,A_414,1
A_371,A_415,1
A_371,A_416,1
A_371,A_417,1
A_371,A_418,1
A_371,A_449,1
A_371,A_464,1
A_371,A_522,1
A_371,A_525,1
A_371,A_526,1
A_371,A_527,1
A_371,A_528,1
A_371,A_529,1
A_371,A_530,1
A_371,A_539,1
A_371,A_590,1
A_371,A_598,1
A_371,A_633,1
A_371,A_634,1
A_371,A_635,1
A_371,A_643,1
A_371,A_650,1
A_371,A_653,1
A_371,A_654,1
A_371,A_667,1
A_371,A_729,1
A_371,A_731,1
A_371,A_735,1
A_371,A_741,1
A_371,A_742,1
A_372,A_373,1
A_372,A_374,1
A_372,A_375,1
A_372,A_376,1
A_372,A_377,1
A_372,A_404,1
A_372,A_405,1
A_372,A_406,1
A_372,A_407,1
A_372,A_408,1
A_372,A_409,1
A_372,A_410,1
A_372,A_411,1
A_372,A_412,1
A_372,A_413,1
A_372,A_414,1
A_372,A_415,1
A_372,A_416,1
A_372,A_417,1
A_372,A_418,1
A_372,A_449,1
A_372,A_464,1
A_372,A_522,1
A_372,A_525,1
A_372,A_526,1
A_372,A_527,1
A_372,A_528,1
A_372,A_529,1
A_372,A_530,1
A_372,A_539,1
A_372,A_590,1
A_372,A_598,1
A_372,A_633,1
A_372,A_634,1
A_372,A_635,1
A_372,A_643,1
A_372,A_650,1
A_372,A_653,1
A_372,A_654,1
A_372,A_667,1
A_372,A_729,1
A_372,A_731,1
A_372,A_735,1
A_372,A_741,1
A_372,A_742,1
A_373,A_374,1
A_373,A_375,1
A_373,A_376,1
A_373,A_377,1
A_373,A_404,1
A_373,A_405,1
A_373,A_406,1
A_373,A_407,1
A_373,A_408,1
A_373,A_409,1
A_373,A_410,1
A_373,A_411,1
A_373,A_412,1
A_373,A_413,1
A_373,A_414,1
A_373,A_415,1
A_373,A_416,1
A_373,A_417,1
A_373,A_418,1
A_373,A_449,1
A_373,A_464,1
A_373,A_522,1
A_373,A_525,1
A_373,A_526,1
A_373,A_527,1
A_373,A_528,1
A_373,A_529,1
A_373,A_530,1
A_373,A_539,1
A_373,A_590,1
A_373,A_598,1
A_373,A_633,1
A_373,A_634,1
A_373,A_635,1
A_373,A_643,1
A_373,A_650,1
A_373,A_653,1
A_373,A_654,1
A_373,A_667,1
A_373,A_729,1
A_373,A_731,1
A_373,A_735,1
A_373,A_741,1
A_373,A_742,1
A_374,A_375,1
A_374,A_376,1
A_374,A_377,1
A_374,A_404,1
A_374,A_405,1
A_374,A_406,1
A_374,A_407,1
A_374,A_408,1
A_374,A_409,1
A_374,A_410,1
A_374,A_411,1
A_374,A_412,1
A_374,A_413,1
A_374,A_414,1
A_374,A_415,1
A_374,A_416,1
A_374,A_417,1
A_374,A_418,1
A_374,A_449,1
A_374,A_464,1
A_374,A_522,1
A_374,A_525,1
A_374,A_526,1
A_374,A_527,1
A_374,A_528,1
A_374,A_529,1
A_374,A_530,1
A_374,A_539,1
A_374,A_590,1
A_374,A_598,1
A_374,A_633,1
A_374,A_634,1
A_374,A_635,1
A_374,A_643,1
A_374,A_650,1
A_374,A_653,1
A_374,A_654,1
A_374,A_667,1
A_374,A_729,1
A_374,A_731,1
A_374,A_735,1
A_374,A_741,1
A_374,A_742,1
A_375,A_376,1
A_375,A_377,1
A_375,A_404,1
A_375,A_405,1
A_375,A_406,1
A_375,A_407,1
A_375,A_408,1
A_375,A_409,1
A_375,A_410,1
A_375,A_411,1
A_375,A_412,1
A_375,A_413,1
A_375,A_414,1
A_375,A_415,1
A_375,A_416,1
A_375,A_417,1
A_375,A_418,1
A_375,A_449,1
A_375,A_464,1
A_375,A_522,1
A_375,A_525,1
A_375,A_526,1
A_375,A_527,1
A_375,A_528,1
A_375,A_529,1
A_375,A_530,1
A_375,A_539,1
A_375,A_590,1
A_375,A_598,1
A_375,A_633,1
A_375,A_634,1
A_375,A_635,1
A_375,A_643,1
A_375,A_650,1
A_375,A_653,1
A_375,A_654,1
A_375,A_667,1
A_375,A_729,1
A_375,A_731,1
A_375,A_735,1
A_375,A_741,1
A_375,A_742,1
A_376,A_377,1
A_376,A_404,1
A_376,A_405,1
A_376,A_406,1
A_376,A_407,1
A_376,A_408,1
A_376,A_409,1
A_376,A_410,1
A_376,A_411,1
A_376,A_412,1
A_376,A_413,1
A_376,A_414,1
A_376,A_415,1
A_376,A_416,1
A_376,A_417,1
A_376,A_418,1
A_376,A_449,1
A_376,A_464,1
A_376,A_522,1
A_376,A_525,1
A_376,A_526,1
A_376,A_527,1
A_376,A_528,1
A_376,A_529,1
A_376,A_530,1
A_376,A_539,1
A_376,A_590,1
A_376,A_598,1
A_376,A_633,1
A_376,A_634,1
A_376,A_635,1
A_376,A_643,1
A_376,A_650,1
A_376,A_653,1
A_376,A_654,1
A_376,A_667,1
A_376,A_729,1
A_376,A_731,1
A_376,A_735,1
A_376,A_741,1
A_376,A_742,1
A_377,A_404,1
A_377,A_405,1
A_377,A_406,1
A_377,A_407,1
A_377,A_408,1
A_377,A_409,1
A_377,A_410,1
A_377,A_411,1
A_377,A_412,1
A_377,A_413,1
A_377,A_414,1
A_377,A_415,1
A_377,A_416,1
A_377,A_417,1
A_377,A_418,1
A_377,A_449,1
A_377,A_464,1
A_377,A_522,1
A_377,A_525,1
A_377,A_526,1
A_377,A_527,1
A_377,A_528,1
A_377,A_529,1
A_377,A_530,1
A_377,A_539,1
A_377,A_590,1
A_377,A_598,1
A_377,A_633,1
A_377,A_634,1
A_377,A_635,1
A_377,A_643,1
A_377,A_650,1
A_377,A_653,1
A_377,A_654,1
A_377,A_667,1
A_377,A_729,1
A_377,A_731,1
A_377,A_735,1
A_377,A_741,1
A_377,A_742,1
A_383,A_396,1
A_383,A_397,1
A_383,A_418,1
A_383,A_444,1
A_383,A_507,1
A_383,A_514,1
A_383,A_545,1
A_383,A_591,1
A_383,A_611,1
A_383,A_658,1
A_383,A_707,1
A_383,A_709,1
A_391,A_418,1
A_391,A_436,1
A_391,A_618,1
A_391,A_619,1
A_391,A_661,1
A_391,A_662,1
A_391,A_663,1
A_391,A_664,1
A_391,A_710,1
A_391,A_711,1
A_391,A_712,1
A_391,A_713,1
A_391,A_714,1
A_391,A_715,1
A_391,A_717,1
A_396,A_397,1
A_396,A_418,1
A_396,A_444,1
A_396,A_507,1
A_396,A_514,1
A_396,A_545,1
A_396,A_591,1
A_396,A_611,1
A_396,A_658,1
A_396,A_707,1
A_396,A_709,1
A_397,A_418,1
A_397,A_444,1
A_397,A_507,1
A_397,A_514,1
A_397,A_545,1
A_397,A_591,1
A_397,A_611,1
A_397,A_658,1
A_397,A_707,1
A_397,A_709,1
A_404,A_405,1
A_404,A_406,1
A_404,A_407,1
A_404,A_408,1
A_404,A_409,1
A_404,A_410,1
A_404,A_411,1
A_404,A_412,1
A_404,A_413,1
A_404,A_414,1
A_404,A_415,1
A_404,A_416,1
A_404,A_417,1
A_404,A_418,1
A_404,A_449,1
A_404,A_464,1
A_404,A_522,1
A_404,A_525,1
A_404,A_526,1
A_404,A_527,1
A_404,A_528,1
A_404,A_529,1
A_404,A_530,1
A_404,A_539,1
A_404,A_590,1
A_404,A_598,1
A_404,A_633,1
A_404,A_634,1
A_404,A_635,1
A_404,A_643,1
A_404,A_650,1
A_404,A_653,1
A_404,A_654,1
A_404,A_667,1
A_404,A_729,1
A_404,A_731,1
A_404,A_735,1
A_404,A_741,1
A_404,A_742,1
A_405,A_406,1
A_405,A_407,1
A_405,A_408,1
A_405,A_409,1
A_405,A_410,1
A_405,A_411,1
A_405,A_412,1
A_405,A_413,1
A_405,A_414,1
A_405,A_415,1
A_405,A_416,1
A_405,A_417,1
A_405,A_418,1
A_405,A_449,1
A_405,A_464,1
A_405,A_522,1
A_405,A_525,1
A_405,A_526,1
A_405,A_527,1
A_405,A_528,1
A_405,A_529,1
A_405,A_530,1
A_405,A_539,1
A_405,A_590,1
A_405,A_598,1
A_405,A_633,1
A_405,A_634,1
A_405,A_635,1
A_405,A_643,1
A_405,A_650,1
A_405,A_653,1
A_405,A_654,1
A_405,A_667,1
A_405,A_729,1
A_405,A_731,1
A_405,A_735,1
A_405,A_741,1
A_405,A_742,1
A_406,A_407,1
A_406,A_408,1
A_406,A_409,1
A_406,A_410,1
A_406,A_411,1
A_406,A_412,1
A_406,A_413,1
A_406,A_414,1
A_406,A_415,1
A_406,A_416,1
A_406,A_417,1
A_406,A_418,1
A_406,A_449,1
A_406,A_464,1
A_406,A_522,1
A_406,A_525,1
A_406,A_526,1
A_406,A_527,1
A_406,A_528,1
A_406,A_529,1
A_406,A_530,1
A_406,A_539,1
A_406,A_590,1
A_406,A_598,1
A_406,A_633,1
A_406,A_634,1
A_406,A_635,1
A_406,A_643,1
A_406,A_650,1
A_406,A_653,1
A_406,A_654,1
A_406,A_667,1
A_406,A_729,1
A_406,A_731,1
A_406,A_735,1
A_406,A_741,1
A_406,A_742,1
A_407,A_408,1
A_407,A_409,1
A_407,A_410,1
A_407,A_411,1
A_407,A_412,1
A_407,A_413,1
A_407,A_414,1
A_407,A_415,1
A_407,A_416,1
A_407,A_417,1
A_407,A_418,1
A_407,A_449,1
A_407,A_464,1
A_407,A_522,1
A_407,A_525,1
A_407,A_526,1
A_407,A_527,1
A_407,A_528,1
A_407,A_529,1
A_407,A_530,1
A_407,A_539,1
A_407,A_590,1
A_407,A_598,1
A_407,A_633,1
A_407,A_634,1
A_407,A_635,1
A_407,A_643,1
A_407,A_650,1
A_407,A_653,1
A_407,A_654,1
A_407,A_667,1
A_407,A_729,1
A_407,A_731,1
A_407,A_735,1
A_407,A_741,1
A_407,A_742,1
A_408,A_409,1
A_408,A_410,1
A_408,A_411,1
A_408,A_412,1
A_408,A_413,1
A_408,A_414,1
A_408,A_415,1
A_408,A_416,1
A_408,A_417,1
A_408,A_418,1
A_408,A_449,1
A_408,A_464,1
A_408,A_522,1
A_408,A_525,1
A_408,A_526,1
A_408,A_527,1
A_408,A_528,1
A_408,A_529,1
A_408,A_530,1
A_408,A_539,1
A_408,A_590,1
A_408,A_598,1
A_408,A_633,1
A_408,A_634,1
A_408,A_635,1
A_408,A_643,1
A_408,A_650,1
A_408,A_653,1
A_408,A_654,1
A_408,A_667,1
A_408,A_729,1
A_408,A_731,1
A_408,A_735,1
A_408,A_741,1
A_408,A_742,1
A_409,A_410,1
A_409,A_411,1
A_409,A_412,1
A_409,A_413,1
A_409,A_414,1
A_409,A_415,1
A_409,A_416,1
A_409,A_417,1
A_409,A_418,1
A_409,A_449,1
A_409,A_464,1
A_409,A_522,1
A_409,A_525,1
A_409,A_526,1
A_409,A_527,1
A_409,A_528,1
A_409,A_529,1
A_409,A_530,1
A_409,A_539,1
A_409,A_590,1
A_409,A_598,1
A_409,A_633,1
A_409,A_634,1
A_409,A_635,1
A_409,A_643,1
A_409,A_650,1
A_409,A_653,1
A_409,A_654,1
A_409,A_667,1
A_409,A_729,1
A_409,A_731,1
A_409,A_735,1
A_409,A_741,1
A_409,A_742,1
A_410,A_411,1
A_410,A_412,1
A_410,A_413,1
A_410,A_414,1
A_410,A_415,1
A_410,A_416,1
A_410,A_417,1
A_410,A_418,1
A_410,A_449,1
A_410,A_464,1
A_410,A_522,1
A_410,A_525,1
A_410,A_526,1
A_410,A_527,1
A_410,A_528,1
A_410,A_529,1
A_410,A_530,1
A_410,A_539,1
A_410,A_590,1
A_410,A_598,1
A_410,A_633,1
A_410,A_634,1
A_410,A_635,1
A_410,A_643,1
A_410,A_650,1
A_410,A_653,1
A_410,A_654,1
A_410,A_667,1
A_410,A_729,1
A_410,A_731,1
A_410,A_735,1
A_410,A_741,1
A_410,A_742,1
A_411,A_412,1
A_411,A_413,1
A_411,A_414,1
A_411,A_415,1
A_411,A_416,1
A_411,A_417,1
A_411,A_418,1
A_411,A_449,1
A_411,A_464,1
A_411,A_522,1
A_411,A_525,1
A_411,A_526,1
A_411,A_527,1
A_411,A_528,1
A_411,A_529,1
A_411,A_530,1
A_411,A_539,1
A_411,A_590,1
A_411,A_598,1
A_411,A_633,1
A_411,A_634,1
A_411,A_635,1
A_411,A_643,1
A_411,A_650,1
A_411,A_653,1
A_411,A_654,1
A_411,A_667,1
A_411,A_729,1
A_411,A_731,1
A_411,A_735,1
A_411,A_741,1
A_411,A_742,1
A_412,A_413,1
A_412,A_414,1
A_412,A_415,1
A_412,A_416,1
A_412,A_417,1
A_412,A_418,1
A_412,A_449,1
A_412,A_464,1
A_412,A_522,1
A_412,A_525,1
A_412,A_526,1
A_412,A_527,1
A_412,A_528,1
A_412,A_529,1
A_412,A_530,1
A_412,A_539,1
A_412,A_590,1
A_412,A_598,1
A_412,A_633,1
A_412,A_634,1
A_412,A_635,1
A_412,A_643,1
A_412,A_650,1
A_412,A_653,1
A_412,A_654,1
A_412,A_667,1
A_412,A_729,1
A_412,A_731,1
A_412,A_735,1
A_412,A_741,1
A_412,A_742,1
A_413,A_414,1
A_413,A_415,1
A_413,A_416,1
A_413,A_417,1
A_413,A_418,1
A_413,A_449,1
A_413,A_464,1
A_413,A_522,1
A_413,A_525,1
A_413,A_526,1
A_413,A_527,1
A_413,A_528,1
A_413,A_529,1
A_413,A_530,1
A_413,A_539,1
A_413,A_590,1
A_413,A_598,1
A_413,A_633,1
A_413,A_634,1
A_413,A_635,1
A_413,A_643,1
A_413,A_650,1
A_413,A_653,1
A_413,A_654,1
A_413,A_667,1
A_413,A_729,1
A_413,A_731,1
A_413,A_735,1
A_413,A_741,1
A_413,A_742,1
A_414,A_415,1
A_414,A_416,1
A_414,A_417,1
A_414,A_418,1
A_414,A_449,1
A_414,A_464,1
A_414,A_522,1
A_414,A_525,1
A_414,A_526,1
A_414,A_527,1
A_414,A_528,1
A_414,A_529,1
A_414,A_530,1
A_414,A_539,1
A_414,A_590,1
A_414,A_598,1
A_414,A_633,1
A_414,A_634,1
A_414,A_635,1
A_414,A_643,1
A_414,A_650,1
A_414,A_653,1
A_414,A_654,1
A_414,A_667,1
A_414,A_729,1
A_414,A_731,1
A_414,A_735,1
A_414,A_741,1
A_414,A_742,1
A_415,A_416,1
A_415,A_417,1
A_415,A_418,1
A_415,A_449,1
A_415,A_464,1
A_415,A_522,1
A_415,A_525,1
A_415,A_526,1
A_415,A_527,1
A_415,A_528,1
A_415,A_529,1
A_415,A_530,1
A_415,A_539,1
A_415,A_590,1
A_415,A_598,1
A_415,A_633,1
A_415,A_634,1
A_415,A_635,1
A_415,A_643,1
A_415,A_650,1
A_415,A_653,1
A_415,A_654,1
A_415,A_667,1
A_415,A_729,1
A_415,A_731,1
A_415,A_735,1
A_415,A_741,1
A_415,A_742,1
A_416,A_417,1
A_416,A_418,1
A_416,A_449,1
A_416,A_464,1
A_416,A_522,1
A_416,A_525,1
A_416,A_526,1
A_416,A_527,1
A_416,A_528,1
A_416,A_529,1
A_416,A_530,1
A_416,A_539,1
A_416,A_590,1
A_416,A_598,1
A_416,A_633,1
A_416,A_634,1
A_416,A_635,1
A_416,A_643,1
A_416,A_650,1
A_416,A_653,1
A_416,A_654,1
A_416,A_667,1
A_416,A_729,1
A_416,A_731,1
A_416,A_735,1
A_416,A_741,1
A_416,A_742,1
A_417,A_418,1
A_417,A_449,1
A_417,A_464,1
A_417,A_522,1
A_417,A_525,1
A_417,A_526,1
A_417,A_527,1
A_417,A_528,1
A_417,A_529,1
A_417,A_530,1
A_417,A_539,1
A_417,A_590,1
A_417,A_598,1
A_417,A_633,1
A_417,A_634,1
A_417,A_635,1
A_417,A_643,1
A_417,A_650,1
A_417,A_653,1
A_417,A_654,1
A_417,A_667,1
A_417,A_729,1
A_417,A_731,1
A_417,A_735,1
A_417,A_741,1
A_417,A_742,1
A_418,A_419,1
A_418,A_420,5
A_418,A_423,1
A_418,A_434,1
A_418,A_436,1
A_418,A_438,1
A_418,A_444,1
A_418,A_449,1
A_418,A_451,1
A_418,A_452,1
A_418,A_464,1
A_418,A_479,1
A_418,A_482,1
A_418,A_493,1
A_418,A_494,1
A_418,A_502,1
A_418,A_507,1
A_418,A_514,1
A_418,A_518,1
A_418,A_522,1
A_418,A_525,1
A_418,A_526,1
A_418,A_527,1
A_418,A_528,1
A_418,A_529,1
A_418,A_530,1
A_418,A_539,1
A_418,A_545,1
A_418,A_559,1
A_418,A_582,1
A_418,A_590,1
A_418,A_591,1
A_418,A_598,1
A_418,A_611,1
A_418,A_618,1
A_418,A_619,1
A_418,A_621,1
A_418,A_622,1
A_418,A_630,1
A_418,A_633,1
A_418,A_634,1
A_418,A_635,1
A_418,A_643,1
A_418,A_647,1
A_418,A_650,1
A_418,A_653,1
A_418,A_654,1
A_418,A_658,1
A_418,A_661,1
A_418,A_662,1
A_418,A_663,1
A_418,A_664,1
A_418,A_666,1
A_418,A_667,1
A_418,A_707,1
A_418,A_709,1
A_418,A_710,1
A_418,A_711,1
A_418,A_712,1
A_418,A_713,1
A_418,A_714,1
A_418,A_715,1
A_418,A_717,1
A_418,A_729,1
A_418,A_731,1
A_418,A_735,1
A_418,A_741,1
A_418,A_742,1
A_418,A_744,1
A_423,A_434,1
A_423,A_451,1
A_423,A_452,1
A_423,A_493,1
A_423,A_559,1
A_423,A_622,1
A_423,A_647,1
A_423,A_666,1
A_423,A_744,1
A_434,A_451,1
A_434,A_452,1
A_434,A_493,1
A_434,A_559,1
A_434,A_622,1
A_434,A_647,1
A_434,A_666,1
A_434,A_744,1
A_436,A_618,1
A_436,A_619,1
A_436,A_661,1
A_436,A_662,1
A_436,A_663,1
A_436,A_664,1
A_436,A_710,1
A_436,A_711,1
A_436,A_712,1
A_436,A_713,1
A_436,A_714,1
A_436,A_715,1
A_436,A_717,1
A_438,A_479,1
A_438,A_482,1
A_444,A_507,1
A_444,A_514,1
A_444,A_545,1
A_444,A_591,1
A_444,A_611,1
A_444,A_658,1
A_444,A_707,1
A_444,A_709,1
A_449,A_464,1
A_449,A_522,1
A_449,A_525,1
A_449,A_526,1
A_449,A_527,1
A_449,A_528,1
A_449,A_529,1
A_449,A_530,1
A_449,A_539,1
A_449,A_590,1
A_449,A_598,1
A_449,A_633,1
A_449,A_634,1
A_449,A_635,1
A_449,A_643,1
A_449,A_650,1
A_449,A_653,1
A_449,A_654,1
A_449,A_667,1
A_449,A_729,1
A_449,A_731,1
A_449,A_735,1
A_449,A_741,1
A_449,A_742,1
A_451,A_452,1
A_451,A_493,1
A_451,A_559,1
A_451,A_622,1
A_451,A_647,1
A_451,A_666,1
A_451,A_744,1
A_452,A_493,1
A_452,A_559,1
A_452,A_622,1
A_452,A_647,1
A_452,A_666,1
A_452,A_744,1
A_464,A_522,1
A_464,A_525,1
A_464,A_526,1
A_464,A_527,1
A_464,A_528,1
A_464,A_529,1
A_464,A_530,1
A_464,A_539,1
A_464,A_590,1
A_464,A_598,1
A_464,A_633,1
A_464,A_634,1
A_464,A_635,1
A_464,A_643,1
A_464,A_650,1
A_464,A_653,1
A_464,A_654,1
A_464,A_667,1
A_464,A_729,1
A_464,A_731,1
A_464,A_735,1
A_464,A_741,1
A_464,A_742,1
A_479,A_482,1
A_493,A_559,1
A_493,A_622,1
A_493,A_647,1
A_493,A_666,1
A_493,A_744,1
A_494,A_502,1
A_494,A_518,1
A_494,A_582,1
A_494,A_621,1
A_494,A_630,1
A_502,A_518,1
A_502,A_582,1
A_502,A_621,1
A_502,A_630,1
A_507,A_514,1
A_507,A_545,1
A_507,A_591,1
A_507,A_611,1
A_507,A_658,1
A_507,A_707,1
A_507,A_709,1
A_514,A_545,1
A_514,A_591,1
A_514,A_611,1
A_514,A_658,1
A_514,A_707,1
A_514,A_709,1
A_518,A_582,1
A_518,A_621,1
A_518,A_630,1
A_522,A_525,1
A_522,A_526,1
A_522,A_527,1
A_522,A_528,1
A_522,A_529,1
A_522,A_530,1
A_522,A_539,1
A_522,A_590,1
A_522,A_598,1
A_522,A_633,1
A_522,A_634,1
A_522,A_635,1
A_522,A_643,1
A_522,A_650,1
A_522,A_653,1
A_522,A_654,1
A_522,A_667,1
A_522,A_729,1
A_522,A_731,1
A_522,A_735,1
A_522,A_741,1
A_522,A_742,1
A_525,A_526,1
A_525,A_527,1
A_525,A_528,1
A_525,A_529,1
A_525,A_530,1
A_525,A_539,1
A_525,A_590,1
A_525,A_598,1
A_525,A_633,1
A_525,A_634,1
A_525,A_635,1
A_525,A_643,1
A_525,A_650,1
A_525,A_653,1
A_525,A_654,1
A_525,A_667,1
A_525,A_729,1
A_525,A_731,1
A_525,A_735,1
A_525,A_741,1
A_525,A_742,1
A_526,A_527,1
A_526,A_528,1
A_526,A_529,1
A_526,A_530,1
A_526,A_539,1
A_526,A_590,1
A_526,A_598,1
A_526,A_633,1
A_526,A_634,1
A_526,A_635,1
A_526,A_643,1
A_526,A_650,1
A_526,A_653,1
A_526,A_654,1
A_526,A_667,1
A_526,A_729,1
A_526,A_731,1
A_526,A_735,1
A_526,A_741,1
A_526,A_742,1
A_527,A_528,1
A_527,A_529,1
A_527,A_530,1
A_527,A_539,1
A_527,A_590,1
A_527,A_598,1
A_527,A_633,1
A_527,A_634,1
A_527,A_635,1
A_527,A_643,1
A_527,A_650,1
A_527,A_653,1
A_527,A_654,1
A_527,A_667,1
A_527,A_729,1
A_527,A_731,1
A_527,A_735,1
A_527,A_741,1
A_527,A_742,1
A_528,A_529,1
A_528,A_530,1
A_528,A_539,1
A_528,A_590,1
A_528,A_598,1
A_528,A_633,1
A_528,A_634,1
A_528,A_635,1
A_528,A_643,1
A_528,A_650,1
A_528,A_653,1
A_528,A_654,1
A_528,A_667,1
A_528,A_729,1
A_528,A_731,1
A_528,A_735,1
A_528,A_741,1
A_528,A_742,1
A_529,A_530,1
A_529,A_539,1
A_529,A_590,1
A_529,A_598,1
A_529,A_633,1
A_529,A_634,1
A_529,A_635,1
A_529,A_643,1
A_529,A_650,1
A_529,A_653,1
A_529,A_654,1
A_529,A_667,1
A_529,A_729,1
A_529,A_731,1
A_529,A_735,1
A_529,A_741,1
A_529,A_742,1
A_530,A_539,1
A_530,A_590,1
A_530,A_598,1
A_530,A_633,1
A_530,A_634,1
A_530,A_635,1
A_530,A_643,1
A_530,A_650,1
A_530,A_653,1
A_530,A_654,1
A_530,A_667,1
A_530,A_729,1
A_530,A_731,1
A_530,A_735,1
A_530,A_741,1
A_530,A_742,1
A_539,A_590,1
A_539,A_598,1
A_539,A_633,1
A_539,A_634,1
A_539,A_635,1
A_539,A_643,1
A_539,A_650,1
A_539,A_653,1
A_539,A_654,1
A_539,A_667,1
A_539,A_729,1
A_539,A_731,1
A_539,A_735,1
A_539,A_741,1
A_539,A_742,1
A_545,A_591,1
A_545,A_611,1
A_545,A_658,1
A_545,A_707,1
A_545,A_709,1
A_559,A_622,1
A_559,A_647,1
A_559,A_666,1
A_559,A_744,1
A_582,A_621,1
A_582,A_630,1
A_590,A_598,1
A_590,A_633,1
A_590,A_634,1
A_590,A_635,1
A_590,A_643,1
A_590,A_650,1
A_590,A_653,1
A_590,A_654,1
A_590,A_667,1
A_590,A_729,1
A_590,A_731,1
A_590,A_735,1
A_590,A_741,1
A_590,A_742,1
A_591,A_611,1
A_591,A_658,1
A_591,A_707,1
A_591,A_709,1
A_598,A_633,1
A_598,A_634,1
A_598,A_635,1
A_598,A_643,1
A_598,A_650,1
A_598,A_653,1
A_598,A_654,1
A_598,A_667,1
A_598,A_729,1
A_598,A_731,1
A_598,A_735,1
A_598,A_741,1
A_598,A_742,1
A_611,A_658,1
A_611,A_707,1
A_611,A_709,1
A_618,A_619,1
A_618,A_661,1
A_618,A_662,1
A_618,A_663,1
A_618,A_664,1
A_618,A_710,1
A_618,A_711,1
A_618,A_712,1
A_618,A_713,1
A_618,A_714,1
A_618,A_715,1
A_618,A_717,1
A_619,A_661,1
A_619,A_662,1
A_619,A_663,1
A_619,A_664,1
A_619,A_710,1
A_619,A_711,1
A_619,A_712,1
A_619,A_713,1
A_619,A_714,1
A_619,A_715,1
A_619,A_717,1
A_621,A_630,1
A_622,A_647,1
A_622,A_666,1
A_622,A_744,1
A_633,A_634,1
A_633,A_635,1
A_633,A_643,1
A_633,A_650,1
A_633,A_653,1
A_633,A_654,1
A_633,A_667,1
A_633,A_729,1
A_633,A_731,1
A_633,A_735,1
A_633,A_741,1
A_633,A_742,1
A_634,A_635,1
A_634,A_643,1
A_634,A_650,1
A_634,A_653,1
A_634,A_654,1
A_634,A_667,1
A_634,A_729,1
A_634,A_731,1
A_634,A_735,1
A_634,A_741,1
A_634,A_742,1
A_635,A_643,1
A_635,A_650,1
A_635,A_653,1
A_635,A_654,1
A_635,A_667,1
A_635,A_729,1
A_635,A_731,1
A_635,A_735,1
A_635,A_741,1
A_635,A_742,1
A_643,A_650,1
A_643,A_653,1
A_643,A_654,1
A_643,A_667,1
A_643,A_729,1
A_643,A_731,1
A_643,A_735,1
A_643,A_741,1
A_643,A_742,1
A_647,A_666,1
A_647,A_744,1
A_650,A_653,1
A_650,A_654,1
A_650,A_667,1
A_650,A_729,1
A_650,A_731,1
A_650,A_735,1
A_650,A_741,1
A_650,A_742,1
A_653,A_654,1
A_653,A_667,1
A_653,A_729,1
A_653,A_731,1
A_653,A_735,1
A_653,A_741,1
A_653,A_742,1
A_654,A_667,1
A_654,A_729,1
A_654,A_731,1
A_654,A_735,1
A_654,A_741,1
A_654,A_742,1
A_658,A_707,1
A_658,A_709,1
A_661,A_662,1
A_661,A_663,1
A_661,A_664,1
A_661,A_710,1
A_661,A_711,1
A_661,A_712,1
A_661,A_713,1
A_661,A_714,1
A_661,A_715,1
A_661,A_717,1
A_662,A_663,1
A_662,A_664,1
A_662,A_710,1
A_662,A_711,1
A_662,A_712,1
A_662,A_713,1
A_662,A_714,1
A_662,A_715,1
A_662,A_717,1
A_663,A_664,1
A_663,A_710,1
A_663,A_711,1
A_663,A_712,1
A_663,A_713,1
A_663,A_714,1
A_663,A_715,1
A_663,A_717,1
A_664,A_710,1
A_664,A_711,1
A_664,A_712,1
A_664,A_713,1
A_664,A_714,1
A_664,A_715,1
A_664,A_717,1
A_666,A_744,1
A_667,A_729,1
A_667,A_731,1
A_667,A_735,1
A_667,A_741,1
A_667,A_742,1
A_707,A_709,1
A_710,A_711,1
A_710,A_712,1
A_710,A_713,1
A_710,A_714,1
A_710,A_715,1
A_710,A_717,1
A_711,A_712,1
A_711,A_713,1
A_711,A_714,1
A_711,A_715,1
A_711,A_717,1
A_712,A_713,1
A_712,A_714,1
A_712,A_715,1
A_712,A_717,1
A_713,A_714,1
A_713,A_715,1
A_713,A_717,1
A_714,A_715,1
A_714,A_717,1
A_715,A_717,1
A_729,A_731,1
A_729,A_735,1
A_729,A_741,1
A_729,A_742,1
A_731,A_735,1
A_731,A_741,1
A_731,A_742,1
A_735,A_741,1
A_735,A_742,1
A_741,A_742,1
